cell_id,V4,V5,I4,I5,V6,V7,I6,I7,V8,V9,I8,I9,dcir_09,dcir_05,dcir_02
PR_LFP_DCIR_REPT_UL1974_150_0372_0_100,3.339999,3.24716,-14.99913,-74.998833,3.3,3.219704,-14.999125,-74.998998,3.249999,3.159369,-14.999119,-74.998946,0.0015473243259220817,0.0013382694993371018,0.0015105043552875574
PR_LFP_DCIR_REPT_UL1974_150_0373_0_100,3.339997,3.274851,-14.999115,-74.998901,3.299997,3.241882,-14.999125,-74.998939,3.25,3.183804,-14.999134,-74.998899,0.0010857705392482554,0.0009685863359509735,0.0011032709878113715
PR_LFP_DCIR_REPT_UL1974_150_0374_0_100,3.339999,3.262806,-14.999079,-74.998872,3.284786,3.250291,-15.005012,-74.998972,3.25,3.176514,-14.999128,-74.998947,0.001286554438612818,0.0005749745474377782,0.0012247703613905891
PR_LFP_DCIR_REPT_UL1974_150_0375_0_100,3.339998,3.247079,-14.999116,-74.998822,3.273357,3.234067,-15.005042,-74.998922,3.25,3.161122,-14.99911,-74.998942,0.0015486575884221864,0.0006549001331469115,0.00148130414765161
PR_LFP_DCIR_REPT_UL1974_150_0376_0_100,3.339998,3.271137,-14.999104,-74.998867,3.3,3.238053,-14.999157,-74.998962,3.249999,3.182424,-14.999122,-74.998964,0.0011476878667004077,0.0010324533554734046,0.001126252965799472
PR_LFP_DCIR_REPT_UL1974_150_0377_0_100,3.339998,3.276278,-14.99911,-74.998894,3.3,3.248317,-14.999154,-74.998952,3.25,3.185532,-14.999145,-74.998923,0.0010620038232137634,0.0008613862333336472,0.001074470642208046
PR_LFP_DCIR_REPT_UL1974_150_0378_0_100,3.339997,3.266644,-14.999115,-74.998881,3.2918,3.254428,-15.004944,-74.998916,3.25,3.176378,-14.999098,-74.998951,0.001222554767963595,0.0006229292502920121,0.0012270363395723628
PR_LFP_DCIR_REPT_UL1974_150_0379_0_100,3.34,3.257112,-14.999131,-74.998847,3.295296,3.24444,-15.004964,-74.998956,3.25,3.168047,-14.999125,-74.998969,0.0013814732056398413,0.0008476848815128022,0.0013658868846392323
PR_LFP_DCIR_REPT_UL1974_150_0380_0_100,3.339998,3.263604,-14.999103,-74.998865,3.299998,3.235768,-14.999146,-74.998929,3.249998,3.173253,-14.999122,-74.998891,0.0012732383838455906,0.0010705038716556654,0.0012790882578231307
PR_LFP_DCIR_REPT_UL1974_150_0381_0_100,3.34,3.26407,-14.999123,-74.998874,3.299999,3.236901,-14.999117,-74.998918,3.249998,3.175111,-14.999112,-74.998927,0.001265505251846796,0.0010516368212621255,0.0012481205150382609
PR_LFP_DCIR_REPT_UL1974_150_0382_0_100,3.339998,3.262306,-14.999115,-74.999008,3.299999,3.234484,-14.99914,-74.999004,3.25,3.171727,-14.999088,-74.998952,0.0012948689758496715,0.0010919191416833877,0.0013045529569866994
PR_LFP_DCIR_REPT_UL1974_150_0383_0_100,3.339999,3.280442,-14.999119,-74.99887,3.3,3.247505,-14.999163,-74.99896,3.25,3.188487,-14.99912,-74.998907,0.000992620786042934,0.0008749196268114034,0.001025220306198756
PR_LFP_DCIR_REPT_UL1974_150_0384_0_100,3.339998,3.270299,-14.999115,-74.998495,3.3,3.24329,-14.999125,-74.998966,3.25,3.178184,-14.99912,-74.999221,0.0011616620038407055,0.0009451691713649677,0.0011969313184989488
PR_LFP_DCIR_REPT_UL1974_150_0385_0_100,3.339995,3.280248,-14.999166,-74.998863,3.299998,3.246609,-14.999123,-74.998974,3.25,3.187804,-14.999125,-74.998913,0.0009957883620645655,0.0008898188763835451,0.001036603662666277
PR_LFP_DCIR_REPT_UL1974_150_0386_0_100,3.339998,3.271383,-14.999129,-74.99891,3.3,3.243774,-14.999115,-74.998961,3.25,3.180591,-14.999136,-74.998934,0.0011435875074277332,0.0009371024052295013,0.0011568205612958867
PR_LFP_DCIR_REPT_UL1974_150_0387_0_100,3.34,3.271311,-14.999085,-74.998908,3.299999,3.243183,-14.999156,-74.998961,3.25,3.18096,-14.999115,-74.998903,0.0011448200438857962,0.0009469364108766684,0.0011506707323699246
PR_LFP_DCIR_REPT_UL1974_150_0388_0_100,3.339999,3.270676,-14.999124,-74.998861,3.3,3.240151,-14.999102,-74.998943,3.25,3.177149,-14.999127,-74.998925,0.0011553883977858143,0.0009974859766711686,0.0012141874210976511
PR_LFP_DCIR_REPT_UL1974_150_0389_0_100,3.339998,3.27517,-14.999125,-74.998887,3.3,3.243895,-14.999118,-74.998912,3.25,3.183816,-14.999101,-74.998913,0.0010804709525347766,0.0009350865437971273,0.0011030701229530484
PR_LFP_DCIR_REPT_UL1974_150_0390_0_100,3.339999,3.272019,-14.999119,-74.999019,3.3,3.243477,-14.999103,-74.999053,3.24594,3.239028,-15.005082,-74.99903,0.0011330018883364866,0.0009420507850423187,0.00011521162101217695
PR_LFP_DCIR_REPT_UL1974_150_0391_0_100,3.339995,3.265948,-14.999122,-74.99887,3.3,3.238204,-14.999095,-74.998957,3.25,3.175291,-14.999138,-74.998902,0.00123412184997844,0.001029935702185444,0.0012451548976092626
PR_LFP_DCIR_REPT_UL1974_150_0392_0_100,3.339999,3.259668,-14.99913,-74.998861,3.299999,3.235165,-14.999068,-74.998889,3.249998,3.172621,-14.999092,-74.998916,0.0013388560025377472,0.0010805698903668442,0.001289620449553323
PR_LFP_DCIR_REPT_UL1974_150_0393_0_100,3.339999,3.264493,-14.999135,-74.998865,3.3,3.236066,-14.999158,-74.998957,3.25,3.172861,-14.999109,-74.998917,0.0012584389963088219,0.0010655702363269535,0.0012856541140931624
PR_LFP_DCIR_REPT_UL1974_150_0394_0_100,3.339999,3.26673,-14.999079,-74.998894,3.3,3.239131,-14.999116,-74.998987,3.246032,3.234258,-15.004988,-74.999002,0.0012211537652241135,0.0010144855144771868,0.00019625291283226939
PR_LFP_DCIR_REPT_UL1974_150_0395_0_100,3.339998,3.265842,-14.999094,-74.999064,3.281806,3.254145,-15.004964,-74.999038,3.25,3.175473,-14.999151,-74.998955,0.001235933951300307,0.00046106220424370846,0.0012421207242610292
PR_LFP_DCIR_REPT_UL1974_150_0396_0_100,3.339997,3.258482,-14.999135,-74.998877,3.299999,3.231047,-14.999129,-74.998998,3.25,3.169144,-14.999093,-74.998924,0.0013585891752667873,0.0011492025090921506,0.0013476037957506884
PR_LFP_DCIR_REPT_UL1974_150_0397_0_100,3.339998,3.253916,-14.99911,-74.998876,3.298716,3.241041,-15.005049,-74.998942,3.249999,3.164457,-14.999124,-74.998961,0.0014347055953518257,0.0009613478491885856,0.0014257038731621853
PR_LFP_DCIR_REPT_UL1974_150_0398_0_100,3.34,3.275514,-14.999111,-74.998869,3.3,3.247215,-14.999136,-74.998955,3.25,3.183745,-14.999131,-74.99891,0.0010747710015763738,0.0008797526539205,0.001104254067335814
PR_LFP_DCIR_REPT_UL1974_150_0399_0_100,3.339999,3.273205,-14.999104,-74.999156,3.3,3.245752,-14.999132,-74.996261,3.25,3.180712,-14.999109,-74.999884,0.0011132323685319513,0.0009041765981835539,0.0011547850840259947
PR_LFP_DCIR_REPT_UL1974_150_0400_0_100,3.339999,3.272035,-14.999146,-74.998886,3.3,3.244097,-14.999124,-74.998929,3.25,3.177878,-14.999124,-74.99853,0.0011327382418657207,0.0009317196947556715,0.0012020452335811424
PR_LFP_DCIR_REPT_UL1974_150_0401_0_100,3.339997,3.274281,-14.999152,-74.998915,3.3,3.245959,-14.999118,-74.998971,3.25,3.182627,-14.999109,-74.998985,0.0010952709929870834,0.0009006855400129027,0.0011228856539636832
PR_LFP_DCIR_REPT_UL1974_150_0402_0_100,3.34,3.263635,-14.999135,-74.998917,3.267634,3.251628,-15.005007,-74.999019,3.25,3.171503,-14.999128,-74.998898,0.001272754624341802,0.00026679329263727127,0.0013082883484386697
PR_LFP_DCIR_REPT_UL1974_150_0403_0_100,3.34,3.271807,-14.999088,-74.998899,3.3,3.242914,-14.999094,-74.998956,3.25,3.17829,-14.999125,-74.998951,0.0011365535801437768,0.0009514355216350325,0.0011951701326600502
PR_LFP_DCIR_REPT_UL1974_150_0404_0_100,3.34,3.280001,-14.999119,-74.998904,3.295925,3.26894,-15.004983,-74.998974,3.25,3.187659,-14.99913,-74.998957,0.0009999869166197831,0.00044979504697395127,0.0010390196625066931
PR_LFP_DCIR_REPT_UL1974_150_0405_0_100,3.34,3.277662,-14.999123,-74.998875,3.3,3.242036,-14.999154,-74.998888,3.249999,3.186348,-14.999149,-74.998937,0.0010389709610799725,0.0009660709495812047,0.0010608537483499055
PR_LFP_DCIR_REPT_UL1974_150_0406_0_100,3.34,3.270257,-14.999126,-74.998881,3.299998,3.24179,-14.999169,-74.998925,3.249999,3.17827,-14.99913,-74.998988,0.001162388079751324,0.0009701372785582668,0.001195486162650584
PR_LFP_DCIR_REPT_UL1974_150_0407_0_100,3.339998,3.270414,-14.99911,-74.998916,3.3,3.239922,-14.999138,-74.998912,3.25,3.174979,-14.999129,-74.999007,0.0011597370831499,0.0010013037715775372,0.0012503525423835026
PR_LFP_DCIR_REPT_UL1974_150_0408_0_100,3.339996,3.273853,-14.999074,-74.999191,3.3,3.245467,-14.99911,-74.998961,3.249999,3.181223,-14.99913,-74.998929,0.00110238118369003,0.0009088855903992116,0.0011462705066728595
PR_LFP_DCIR_REPT_UL1974_150_0409_0_100,3.339999,3.275308,-14.999121,-74.998902,3.3,3.242415,-14.99911,-74.998919,3.25,3.182045,-14.999155,-74.998967,0.0010781872687168688,0.0009597530552138924,0.0011325868821055638
PR_LFP_DCIR_REPT_UL1974_150_0410_0_100,3.34,3.267985,-14.999112,-74.99889,3.283934,3.256385,-15.005025,-74.998939,3.249998,3.178043,-14.999108,-74.998932,0.0012002544409414303,0.0004591965778395464,0.0011992535178103189
PR_LFP_DCIR_REPT_UL1974_150_0411_0_100,3.339998,3.278711,-14.99915,-74.998865,3.3,3.25076,-14.999124,-74.998919,3.249999,3.187327,-14.999129,-74.998934,0.0010214548519105482,0.0008206694706206867,0.0010445367280777005
PR_LFP_DCIR_REPT_UL1974_150_0412_0_100,3.339998,3.271294,-14.999082,-74.998848,3.299999,3.243927,-14.999125,-74.999215,3.25,3.180048,-14.999112,-74.99894,0.0011450711324440812,0.0009345319315354416,0.001165870008827355
PR_LFP_DCIR_REPT_UL1974_150_0413_0_100,3.34,3.277839,-14.999089,-74.998918,3.299999,3.24573,-14.999137,-74.998924,3.25,3.185136,-14.999134,-74.998917,0.0010360196193225765,0.0009044865442605674,0.0010810705765385855
PR_LFP_DCIR_REPT_UL1974_150_0414_0_100,3.34,3.279956,-14.999135,-74.998896,3.299999,3.246728,-14.999098,-74.999006,3.25,3.188433,-14.999138,-74.998936,0.0010007373196036563,0.0008878513613720887,0.0010261201212710775
PR_LFP_DCIR_REPT_UL1974_150_0415_0_100,3.34,3.26927,-14.999088,-74.998854,3.3,3.241634,-14.999119,-74.998932,3.25,3.176579,-14.999154,-74.998927,0.0011788379308012593,0.0009727696984655589,0.0012236879629527963
PR_LFP_DCIR_REPT_UL1974_150_0416_0_100,3.34,3.262483,-14.999122,-74.998898,3.3,3.234546,-14.999143,-74.998963,3.25,3.169957,-14.99919,-74.998938,0.0012919548232980043,0.0010909032727098166,0.0013340556030335305
PR_LFP_DCIR_REPT_UL1974_150_0417_0_100,3.339999,3.26708,-14.999116,-74.998885,3.3,3.238418,-14.999147,-74.99899,3.25,3.174567,-14.999122,-74.998966,0.0012153213456538505,0.0010263693523331389,0.0012572199354384966
PR_LFP_DCIR_REPT_UL1974_150_0418_0_100,3.34,3.269964,-14.999112,-74.998879,3.3,3.241813,-14.999117,-74.99895,3.249999,3.177925,-14.999145,-74.998943,0.0011672711995698247,0.0009697860325711202,0.0012012373774991669
PR_LFP_DCIR_REPT_UL1974_150_0419_0_100,3.339999,3.272253,-14.999142,-74.99884,3.299999,3.243898,-14.999156,-74.998979,3.25,3.178777,-14.999128,-74.998953,0.0011291056831652733,0.0009350194249739695,0.0011870534622392618
PR_LFP_DCIR_REPT_UL1974_150_0420_0_100,3.34,3.267269,-14.999113,-74.998883,3.3,3.238917,-14.999117,-74.998967,3.249998,3.173081,-14.999121,-74.998939,0.0012121879800539178,0.001018052545131363,0.001281953888593468
PR_LFP_DCIR_REPT_UL1974_150_0421_0_100,3.34,3.281557,-14.999086,-74.998861,3.3,3.241528,-14.999086,-74.998969,3.25,3.187921,-14.999107,-74.998934,0.0009740536527011979,0.0009745352336770328,0.0010346529832494385
PR_LFP_DCIR_REPT_UL1974_150_0422_0_100,3.339997,3.267893,-14.999131,-74.998893,3.3,3.239814,-14.999128,-74.999015,3.25,3.175139,-14.999164,-74.99894,0.0012017381002277967,0.0010031018891752221,0.0012476879913684985
PR_LFP_DCIR_REPT_UL1974_150_0423_0_100,3.34,3.275446,-14.999131,-74.99897,3.3,3.246194,-14.999094,-74.998994,3.249999,3.180699,-14.999144,-74.998967,0.0010759028870060763,0.0008967681612802654,0.0011550034072600466
PR_LFP_DCIR_REPT_UL1974_150_0424_0_100,3.339999,3.268564,-14.999142,-74.998907,3.291692,3.256384,-15.005006,-74.998956,3.25,3.174634,-14.999125,-74.99897,0.001190587996469655,0.0005885260097059731,0.0012561032449333797
PR_LFP_DCIR_REPT_UL1974_150_0425_0_100,3.339999,3.281285,-14.999157,-74.998883,3.3,3.244309,-14.999114,-74.998927,3.25,3.189578,-14.999127,-74.998967,0.0009785711354748543,0.000928186226180404,0.0010070360187627164
PR_LFP_DCIR_REPT_UL1974_150_0426_0_100,3.34,3.269939,-14.999165,-74.998939,3.297786,3.258617,-15.004928,-74.998973,3.25,3.176895,-14.999096,-74.998914,0.001167687731623788,0.0006528814651520794,0.001218420362541766
PR_LFP_DCIR_REPT_UL1974_150_0427_0_100,3.34,3.276192,-14.999104,-74.99885,3.3,3.243356,-14.999134,-74.998933,3.25,3.182161,-14.999153,-74.998938,0.001063471168694612,0.0009440698293005935,0.0011306540515103548
PR_LFP_DCIR_REPT_UL1974_150_0428_0_100,3.339998,3.265209,-14.999119,-74.998886,3.3,3.236813,-14.99914,-74.998888,3.25,3.170542,-14.999088,-74.998937,0.0012464881738624084,0.0010531210897752382,0.001324303332830051
PR_LFP_DCIR_REPT_UL1974_150_0429_0_100,3.339999,3.267082,-14.99912,-74.998861,3.3,3.238765,-14.99912,-74.998968,3.249998,3.175094,-14.999108,-74.998884,0.0012152885793290397,0.0010205859188176596,0.0012484046607107347
PR_LFP_DCIR_REPT_UL1974_150_0430_0_100,3.339998,3.276904,-14.999117,-74.998873,3.3,3.2425,-14.999121,-74.998962,3.25,3.186005,-14.999067,-74.99898,0.001051570943055168,0.000958335872923391,0.0010665848798814058
PR_LFP_DCIR_REPT_UL1974_150_0431_0_100,3.339995,3.276727,-14.99912,-74.998964,3.3,3.24731,-14.999153,-74.999019,3.249999,3.182094,-14.999131,-74.998956,0.0010544694082871263,0.0008781686279099302,0.001131753300947122
PR_LFP_DCIR_REPT_UL1974_150_0432_0_100,3.339998,3.274072,-14.999081,-74.998922,3.3,3.244338,-14.999132,-74.998934,3.25,3.179059,-14.999122,-74.998933,0.001098769578406052,0.0009277030614201007,0.0011823537244142308
PR_LFP_DCIR_REPT_UL1974_150_0433_0_100,3.339999,3.278008,-14.999159,-74.9989,3.299998,3.241125,-14.999143,-74.998921,3.25,3.186242,-14.999137,-74.998934,0.0010331877932606467,0.0009812202971817693,0.0010626369285882747
PR_LFP_DCIR_REPT_UL1974_150_0434_0_100,3.339999,3.276604,-14.999134,-74.998849,3.3,3.247999,-14.999122,-74.99895,3.25,3.18451,-14.999144,-74.998961,0.001056588352128011,0.0008666858178326736,0.0010915033290851547
PR_LFP_DCIR_REPT_UL1974_150_0435_0_100,3.339999,3.275867,-14.999115,-74.99887,3.299999,3.246748,-14.99914,-74.99894,3.249999,3.181645,-14.999139,-74.998888,0.0010688710312233827,0.0008875196250654157,0.001139238099146045
PR_LFP_DCIR_REPT_UL1974_150_0436_0_100,3.339998,3.283528,-14.999096,-74.998826,3.3,3.247264,-14.999109,-74.998917,3.25,3.190206,-14.999133,-74.998753,0.0009411709019357258,0.0008789361459289986,0.0009965729782955314
PR_LFP_DCIR_REPT_UL1974_150_0437_0_100,3.339999,3.280598,-14.999118,-74.998843,3.3,3.251987,-14.999068,-74.99896,3.25,3.18842,-14.999094,-74.998955,0.0009900212042638571,0.0008002181070592534,0.001026335711011067
PR_LFP_DCIR_REPT_UL1974_150_0438_0_100,3.339999,3.270969,-14.999138,-74.99887,3.299999,3.24298,-14.999139,-74.998952,3.25,3.17953,-14.999141,-74.998941,0.0011505051389229565,0.0009503196284961743,0.0011745039150130468
PR_LFP_DCIR_REPT_UL1974_150_0439_0_100,3.34,3.275735,-14.999123,-74.998869,3.296577,3.264237,-15.004917,-74.998942,3.25,3.182626,-14.99914,-74.998923,0.0010710878676053028,0.0005390536807623765,0.0011229040611696885
PR_LFP_DCIR_REPT_UL1974_150_0440_0_100,3.34,3.260587,-14.999148,-74.998809,3.284682,3.248185,-15.004964,-74.998964,3.25,3.168029,-14.999109,-74.998925,0.001323557478099747,0.0006083441677501121,0.0013661875229750672
PR_LFP_DCIR_REPT_UL1974_150_0441_0_100,3.339998,3.272116,-14.999106,-74.998885,3.3,3.242996,-14.999144,-74.998979,3.25,3.178524,-14.99914,-74.998925,0.0011313708338825713,0.0009500692793571783,0.00119127093538752
