step_no,step_name,cell_id,cell_suffix,cv_duration_min,cv_cap_delta,cluster
2,CCCV_Chg,PR_LFP_RPT_REPT_150_0302_0.333C_0.333D_0_100,302,2.0542333333333334,0.3189999999999955,2
2,CCCV_Chg,PR_LFP_RPT_REPT_150_0303_0.333C_0.333D_0_100,303,0.0004,0.0,2
2,CCCV_Chg,PR_LFP_RPT_REPT_150_0304_0.333C_0.333D_0_100,304,0.0,0.0,2
2,CCCV_Chg,PR_LFP_RPT_REPT_150_0305_0.333C_0.333D_0_100,305,0.0,0.0,2
2,CCCV_Chg,PR_LFP_RPT_REPT_150_0306_0.333C_0.333D_0_100,306,0.6246666666666666,0.0259999999999999,2
2,CCCV_Chg,PR_LFP_RPT_REPT_150_0307_0.333C_0.333D_0_100,307,16.787016666666666,2.6439999999999984,0
2,CCCV_Chg,PR_LFP_RPT_REPT_150_0308_0.333C_0.333D_0_100,308,17.8993,3.989999999999995,0
2,CCCV_Chg,PR_LFP_RPT_REPT_150_0309_0.333C_0.333D_0_100,309,15.0622,3.376999999999996,0
2,CCCV_Chg,PR_LFP_RPT_REPT_150_0310_0.333C_0.333D_0_100,310,39.58008333333333,7.244,1
2,CCCV_Chg,PR_LFP_RPT_REPT_150_0311_0.333C_0.333D_0_100,311,20.150133333333333,4.432999999999993,0
2,CCCV_Chg,PR_LFP_RPT_REPT_150_0312_0.333C_0.333D_0_100,312,47.024683333333336,10.173000000000002,1
2,CCCV_Chg,PR_LFP_RPT_REPT_150_0313_0.333C_0.333D_0_100,313,16.73633333333333,3.733000000000004,0
2,CCCV_Chg,PR_LFP_RPT_REPT_150_0314_0.333C_0.333D_0_100,314,30.29905,5.626999999999995,3
2,CCCV_Chg,PR_LFP_RPT_REPT_150_0315_0.333C_0.333D_0_100,315,25.48456666666667,4.905000000000001,3
2,CCCV_Chg,PR_LFP_RPT_REPT_150_0316_0.333C_0.333D_0_100,316,27.218366666666668,5.48299999999999,3
2,CCCV_Chg,PR_LFP_RPT_REPT_150_0317_0.333C_0.333D_0_100,317,58.23406666666666,12.745000000000005,1
2,CCCV_Chg,PR_LFP_RPT_REPT_150_0318_0.333C_0.333D_0_100,318,30.194566666666667,5.745000000000001,3
2,CCCV_Chg,PR_LFP_RPT_REPT_150_0319_0.333C_0.333D_0_100,319,18.40765,3.1710000000000065,0
2,CCCV_Chg,PR_LFP_RPT_REPT_150_0320_0.333C_0.333D_0_100,320,27.946383333333333,5.723999999999997,3
2,CCCV_Chg,PR_LFP_RPT_REPT_150_0321_0.333C_0.333D_0_100,321,22.292366666666663,4.814,0
2,CCCV_Chg,PR_LFP_RPT_REPT_150_0322_0.333C_0.333D_0_100,322,27.353383333333333,5.809000000000005,3
2,CCCV_Chg,PR_LFP_RPT_REPT_150_0323_0.333C_0.333D_0_100,323,43.72793333333333,7.925000000000004,1
2,CCCV_Chg,PR_LFP_RPT_REPT_150_0324_0.333C_0.333D_0_100,324,25.76931666666667,5.5,3
2,CCCV_Chg,PR_LFP_RPT_REPT_150_0325_0.333C_0.333D_0_100,325,46.086983333333336,8.491,1
2,CCCV_Chg,PR_LFP_RPT_REPT_150_0326_0.333C_0.333D_0_100,326,21.0431,4.737000000000009,0
2,CCCV_Chg,PR_LFP_RPT_REPT_150_0327_0.333C_0.333D_0_100,327,27.10998333333333,6.131,3
2,CCCV_Chg,PR_LFP_RPT_REPT_150_0328_0.333C_0.333D_0_100,328,25.098033333333333,5.488,3
2,CCCV_Chg,PR_LFP_RPT_REPT_150_0329_0.333C_0.333D_0_100,329,29.709166666666665,5.842999999999996,3
2,CCCV_Chg,PR_LFP_RPT_REPT_150_0330_0.333C_0.333D_0_100,330,45.380316666666666,9.867999999999997,1
2,CCCV_Chg,PR_LFP_RPT_REPT_150_0331_0.333C_0.333D_0_100,331,24.53806666666667,4.774000000000001,3
2,CCCV_Chg,PR_LFP_RPT_REPT_150_0332_0.333C_0.333D_0_100,332,38.13735,8.195999999999998,1
2,CCCV_Chg,PR_LFP_RPT_REPT_150_0333_0.333C_0.333D_0_100,333,17.744716666666665,3.8940000000000055,0
2,CCCV_Chg,PR_LFP_RPT_REPT_150_0334_0.333C_0.333D_0_100,334,46.04311666666667,9.913000000000013,1
2,CCCV_Chg,PR_LFP_RPT_REPT_150_0335_0.333C_0.333D_0_100,335,23.240716666666668,4.466999999999999,3
2,CCCV_Chg,PR_LFP_RPT_REPT_150_0336_0.333C_0.333D_0_100,336,26.9093,5.686999999999998,3
2,CCCV_Chg,PR_LFP_RPT_REPT_150_0337_0.333C_0.333D_0_100,337,35.522733333333335,7.0260000000000105,3
2,CCCV_Chg,PR_LFP_RPT_REPT_150_0338_0.333C_0.333D_0_100,338,21.104066666666665,3.9609999999999994,0
2,CCCV_Chg,PR_LFP_RPT_REPT_150_0339_0.333C_0.333D_0_100,339,50.20131666666667,10.864000000000004,1
2,CCCV_Chg,PR_LFP_RPT_REPT_150_0340_0.333C_0.333D_0_100,340,23.69245,5.0020000000000095,3
2,CCCV_Chg,PR_LFP_RPT_REPT_150_0341_0.333C_0.333D_0_100,341,21.42478333333333,4.410000000000004,0
2,CCCV_Chg,PR_LFP_RPT_REPT_150_0342_0.333C_0.333D_0_100,342,30.35445,6.302999999999997,3
2,CCCV_Chg,PR_LFP_RPT_REPT_150_0343_0.333C_0.333D_0_100,343,18.376516666666664,3.804000000000002,0
2,CCCV_Chg,PR_LFP_RPT_REPT_150_0344_0.333C_0.333D_0_100,344,19.7035,3.6700000000000017,0
2,CCCV_Chg,PR_LFP_RPT_REPT_150_0345_0.333C_0.333D_0_100,345,54.309650000000005,11.598,1
2,CCCV_Chg,PR_LFP_RPT_REPT_150_0346_0.333C_0.333D_0_100,346,14.874283333333333,3.233000000000004,0
2,CCCV_Chg,PR_LFP_RPT_REPT_150_0347_0.333C_0.333D_0_100,347,18.257683333333333,3.596999999999994,0
2,CCCV_Chg,PR_LFP_RPT_REPT_150_0348_0.333C_0.333D_0_100,348,50.19983333333333,10.828999999999994,1
2,CCCV_Chg,PR_LFP_RPT_REPT_150_0349_0.333C_0.333D_0_100,349,29.25201666666667,5.384,3
2,CCCV_Chg,PR_LFP_RPT_REPT_150_0350_0.333C_0.333D_0_100,350,15.259183333333334,3.364999999999995,0
2,CCCV_Chg,PR_LFP_RPT_REPT_150_0351_0.333C_0.333D_0_100,351,24.9312,5.028999999999996,3
2,CCCV_Chg,PR_LFP_RPT_REPT_150_0352_0.333C_0.333D_0_100,352,28.2462,5.88000000000001,3
2,CCCV_Chg,PR_LFP_RPT_REPT_150_0353_0.333C_0.333D_0_100,353,40.87566666666667,7.710000000000001,1
2,CCCV_Chg,PR_LFP_RPT_REPT_150_0354_0.333C_0.333D_0_100,354,40.35048333333334,8.867999999999995,1
2,CCCV_Chg,PR_LFP_RPT_REPT_150_0355_0.333C_0.333D_0_100,355,40.85411666666666,6.4190000000000005,1
2,CCCV_Chg,PR_LFP_RPT_REPT_150_0356_0.333C_0.333D_0_100,356,16.868283333333334,3.453000000000003,0
2,CCCV_Chg,PR_LFP_RPT_REPT_150_0357_0.333C_0.333D_0_100,357,27.48305,5.555000000000007,3
2,CCCV_Chg,PR_LFP_RPT_REPT_150_0358_0.333C_0.333D_0_100,358,17.9322,3.4279999999999973,0
2,CCCV_Chg,PR_LFP_RPT_REPT_150_0359_0.333C_0.333D_0_100,359,42.1685,7.811,1
2,CCCV_Chg,PR_LFP_RPT_REPT_150_0360_0.333C_0.333D_0_100,360,44.845616666666665,9.820999999999998,1
2,CCCV_Chg,PR_LFP_RPT_REPT_150_0361_0.333C_0.333D_0_100,361,13.6209,2.995999999999995,0
2,CCCV_Chg,PR_LFP_RPT_REPT_150_0362_0.333C_0.333D_0_100,362,18.530616666666667,3.5660000000000025,0
2,CCCV_Chg,PR_LFP_RPT_REPT_150_0363_0.333C_0.333D_0_100,363,14.045866666666663,3.144000000000005,0
2,CCCV_Chg,PR_LFP_RPT_REPT_150_0364_0.333C_0.333D_0_100,364,39.10353333333333,7.605000000000004,1
2,CCCV_Chg,PR_LFP_RPT_REPT_150_0365_0.333C_0.333D_0_100,365,30.87226666666667,5.915999999999997,3
2,CCCV_Chg,PR_LFP_RPT_REPT_150_0366_0.333C_0.333D_0_100,366,27.520966666666663,5.376000000000005,3
2,CCCV_Chg,PR_LFP_RPT_REPT_150_0367_0.333C_0.333D_0_100,367,32.66331666666667,6.915000000000006,3
2,CCCV_Chg,PR_LFP_RPT_REPT_150_0368_0.333C_0.333D_0_100,368,14.901483333333337,3.2099999999999937,0
2,CCCV_Chg,PR_LFP_RPT_REPT_150_0369_0.333C_0.333D_0_100,369,28.5949,5.533999999999992,3
2,CCCV_Chg,PR_LFP_RPT_REPT_150_0370_0.333C_0.333D_0_100,370,41.05675,8.744,1
2,CCCV_Chg,PR_LFP_RPT_REPT_150_0371_0.333C_0.333D_0_100,371,29.896083333333333,6.305000000000007,3
