cell_id,cell_suffix,date,cv_duration_min,cv_cap_start,cv_cap_end,cv_cap_delta
PR_LFP_RPT_REPT_150_0302_0.333C_0.333D_0_100,0302,2025-11-07,2.0542333333333334,58.002,58.321,0.3189999999999955
PR_LFP_RPT_REPT_150_0303_0.333C_0.333D_0_100,0303,2025-11-07,0.0004,0.041,0.041,0.0
PR_LFP_RPT_REPT_150_0304_0.333C_0.333D_0_100,0304,2025-11-07,0.0,0.069,0.069,0.0
PR_LFP_RPT_REPT_150_0305_0.333C_0.333D_0_100,0305,2025-11-07,0.0,0.068,0.068,0.0
PR_LFP_RPT_REPT_150_0306_0.333C_0.333D_0_100,0306,2025-11-07,0.6246666666666666,0.064,0.09,0.025999999999999995
PR_LFP_RPT_REPT_150_0307_0.333C_0.333D_0_100,0307,2025-11-10,16.787016666666666,27.82,30.464,2.6439999999999984
PR_LFP_RPT_REPT_150_0308_0.333C_0.333D_0_100,0308,2025-11-10,17.8993,110.587,114.577,3.989999999999995
PR_LFP_RPT_REPT_150_0309_0.333C_0.333D_0_100,0309,2025-11-10,15.062199999999999,112.656,116.033,3.3769999999999953
PR_LFP_RPT_REPT_150_0310_0.333C_0.333D_0_100,0310,2025-11-10,39.58008333333333,34.223,41.467,7.244
PR_LFP_RPT_REPT_150_0311_0.333C_0.333D_0_100,0311,2025-11-10,20.150133333333333,110.295,114.728,4.432999999999993
PR_LFP_RPT_REPT_150_0312_0.333C_0.333D_0_100,0312,2025-11-10,47.024683333333336,110.004,120.177,10.173000000000002
PR_LFP_RPT_REPT_150_0313_0.333C_0.333D_0_100,0313,2025-11-10,16.73633333333333,110.434,114.167,3.733000000000004
PR_LFP_RPT_REPT_150_0314_0.333C_0.333D_0_100,0314,2025-11-10,30.29905,64.224,69.851,5.626999999999995
PR_LFP_RPT_REPT_150_0315_0.333C_0.333D_0_100,0315,2025-11-10,25.48456666666667,65.335,70.24,4.905000000000001
PR_LFP_RPT_REPT_150_0316_0.333C_0.333D_0_100,0316,2025-11-10,27.218366666666668,103.837,109.32,5.48299999999999
PR_LFP_RPT_REPT_150_0317_0.333C_0.333D_0_100,0317,2025-11-10,58.23406666666666,101.823,114.568,12.745000000000005
PR_LFP_RPT_REPT_150_0318_0.333C_0.333D_0_100,0318,2025-11-10,30.194566666666667,31.681,37.426,5.745000000000001
PR_LFP_RPT_REPT_150_0319_0.333C_0.333D_0_100,0319,2025-11-10,18.40765,76.086,79.257,3.1710000000000065
PR_LFP_RPT_REPT_150_0320_0.333C_0.333D_0_100,0320,2025-11-10,27.946383333333333,32.334,38.058,5.723999999999997
PR_LFP_RPT_REPT_150_0321_0.333C_0.333D_0_100,0321,2025-11-10,22.292366666666666,52.834,57.648,4.814
PR_LFP_RPT_REPT_150_0322_0.333C_0.333D_0_100,0322,2025-11-10,27.353383333333333,59.418,65.227,5.809000000000005
PR_LFP_RPT_REPT_150_0323_0.333C_0.333D_0_100,0323,2025-11-10,43.72793333333333,34.111,42.036,7.925000000000004
PR_LFP_RPT_REPT_150_0324_0.333C_0.333D_0_100,0324,2025-11-10,25.76931666666667,110.018,115.518,5.5
PR_LFP_RPT_REPT_150_0325_0.333C_0.333D_0_100,0325,2025-11-10,46.086983333333336,35.264,43.755,8.491
PR_LFP_RPT_REPT_150_0326_0.333C_0.333D_0_100,0326,2025-11-10,21.0431,109.434,114.171,4.737000000000009
PR_LFP_RPT_REPT_150_0327_0.333C_0.333D_0_100,0327,2025-11-10,27.109983333333332,51.251,57.382,6.131
PR_LFP_RPT_REPT_150_0328_0.333C_0.333D_0_100,0328,2025-11-10,25.098033333333333,51.404,56.892,5.4879999999999995
PR_LFP_RPT_REPT_150_0329_0.333C_0.333D_0_100,0329,2025-11-10,29.709166666666665,33.167,39.01,5.842999999999996
PR_LFP_RPT_REPT_150_0330_0.333C_0.333D_0_100,0330,2025-11-10,45.380316666666666,110.837,120.705,9.867999999999995
PR_LFP_RPT_REPT_150_0331_0.333C_0.333D_0_100,0331,2025-11-10,24.53806666666667,33.556,38.33,4.774000000000001
PR_LFP_RPT_REPT_150_0332_0.333C_0.333D_0_100,0332,2025-11-10,38.13735,100.614,108.81,8.195999999999998
PR_LFP_RPT_REPT_150_0333_0.333C_0.333D_0_100,0333,2025-11-10,17.744716666666665,112.336,116.23,3.8940000000000055
PR_LFP_RPT_REPT_150_0334_0.333C_0.333D_0_100,0334,2025-11-10,46.04311666666667,110.35,120.263,9.913000000000011
PR_LFP_RPT_REPT_150_0335_0.333C_0.333D_0_100,0335,2025-11-10,23.240716666666668,105.878,110.345,4.466999999999999
PR_LFP_RPT_REPT_150_0336_0.333C_0.333D_0_100,0336,2025-11-10,26.909299999999998,73.849,79.536,5.686999999999998
PR_LFP_RPT_REPT_150_0337_0.333C_0.333D_0_100,0337,2025-11-10,35.522733333333335,82.627,89.653,7.0260000000000105
PR_LFP_RPT_REPT_150_0338_0.333C_0.333D_0_100,0338,2025-11-10,21.104066666666665,75.53,79.491,3.9609999999999985
PR_LFP_RPT_REPT_150_0339_0.333C_0.333D_0_100,0339,2025-11-10,50.20131666666667,111.448,122.312,10.864000000000004
PR_LFP_RPT_REPT_150_0340_0.333C_0.333D_0_100,0340,2025-11-10,23.69245,111.975,116.977,5.0020000000000095
PR_LFP_RPT_REPT_150_0341_0.333C_0.333D_0_100,0341,2025-11-10,21.424783333333334,54.223,58.633,4.410000000000004
PR_LFP_RPT_REPT_150_0342_0.333C_0.333D_0_100,0342,2025-11-10,30.35445,109.628,115.931,6.302999999999997
PR_LFP_RPT_REPT_150_0343_0.333C_0.333D_0_100,0343,2025-11-10,18.376516666666664,112.17,115.974,3.804000000000002
PR_LFP_RPT_REPT_150_0344_0.333C_0.333D_0_100,0344,2025-11-10,19.703500000000002,75.114,78.784,3.6700000000000017
PR_LFP_RPT_REPT_150_0345_0.333C_0.333D_0_100,0345,2025-11-10,54.309650000000005,108.546,120.144,11.597999999999999
PR_LFP_RPT_REPT_150_0346_0.333C_0.333D_0_100,0346,2025-11-10,14.874283333333333,114.088,117.321,3.233000000000004
PR_LFP_RPT_REPT_150_0347_0.333C_0.333D_0_100,0347,2025-11-10,18.257683333333333,53.904,57.501,3.596999999999994
PR_LFP_RPT_REPT_150_0348_0.333C_0.333D_0_100,0348,2025-11-10,50.19983333333333,109.503,120.332,10.828999999999994
PR_LFP_RPT_REPT_150_0349_0.333C_0.333D_0_100,0349,2025-11-10,29.25201666666667,92.169,97.553,5.384
PR_LFP_RPT_REPT_150_0350_0.333C_0.333D_0_100,0350,2025-11-10,15.259183333333334,115.004,118.369,3.364999999999995
PR_LFP_RPT_REPT_150_0351_0.333C_0.333D_0_100,0351,2025-11-10,24.9312,75.891,80.92,5.028999999999996
PR_LFP_RPT_REPT_150_0352_0.333C_0.333D_0_100,0352,2025-11-10,28.246199999999998,67.877,73.757,5.88000000000001
PR_LFP_RPT_REPT_150_0353_0.333C_0.333D_0_100,0353,2025-11-10,40.87566666666667,34.403,42.113,7.710000000000001
PR_LFP_RPT_REPT_150_0354_0.333C_0.333D_0_100,0354,2025-11-10,40.35048333333334,112.935,121.803,8.867999999999995
PR_LFP_RPT_REPT_150_0355_0.333C_0.333D_0_100,0355,2025-11-10,40.85411666666666,17.681,24.1,6.4190000000000005
PR_LFP_RPT_REPT_150_0356_0.333C_0.333D_0_100,0356,2025-11-10,16.868283333333334,111.477,114.93,3.453000000000003
PR_LFP_RPT_REPT_150_0357_0.333C_0.333D_0_100,0357,2025-11-10,27.48305,74.336,79.891,5.555000000000007
PR_LFP_RPT_REPT_150_0358_0.333C_0.333D_0_100,0358,2025-11-10,17.9322,64.613,68.041,3.4279999999999973
PR_LFP_RPT_REPT_150_0359_0.333C_0.333D_0_100,0359,2025-11-10,42.1685,35.042,42.853,7.811
PR_LFP_RPT_REPT_150_0360_0.333C_0.333D_0_100,0360,2025-11-10,44.845616666666665,111.92,121.741,9.820999999999998
PR_LFP_RPT_REPT_150_0361_0.333C_0.333D_0_100,0361,2025-11-10,13.6209,113.768,116.764,2.995999999999995
PR_LFP_RPT_REPT_150_0362_0.333C_0.333D_0_100,0362,2025-11-10,18.530616666666667,64.46,68.026,3.5660000000000025
PR_LFP_RPT_REPT_150_0363_0.333C_0.333D_0_100,0363,2025-11-10,14.045866666666665,113.128,116.272,3.1440000000000055
PR_LFP_RPT_REPT_150_0364_0.333C_0.333D_0_100,0364,2025-11-10,39.10353333333333,82.336,89.941,7.605000000000004
PR_LFP_RPT_REPT_150_0365_0.333C_0.333D_0_100,0365,2025-11-10,30.87226666666667,32.389,38.305,5.915999999999997
PR_LFP_RPT_REPT_150_0366_0.333C_0.333D_0_100,0366,2025-11-10,27.520966666666666,104.753,110.129,5.376000000000005
PR_LFP_RPT_REPT_150_0367_0.333C_0.333D_0_100,0367,2025-11-10,32.66331666666667,101.934,108.849,6.915000000000006
PR_LFP_RPT_REPT_150_0368_0.333C_0.333D_0_100,0368,2025-11-10,14.901483333333335,110.878,114.088,3.2099999999999937
PR_LFP_RPT_REPT_150_0369_0.333C_0.333D_0_100,0369,2025-11-10,28.5949,64.432,69.966,5.533999999999992
PR_LFP_RPT_REPT_150_0370_0.333C_0.333D_0_100,0370,2025-11-10,41.05675,100.003,108.747,8.744
PR_LFP_RPT_REPT_150_0371_0.333C_0.333D_0_100,0371,2025-11-10,29.896083333333333,83.238,89.543,6.305000000000007
