cell_id,count,mean,std,min,max
PR_LFP_RPT_REPT_150_0302_0.333C_0.333D_0_100,30,1.3533333333330214e-05,4.158359535010145e-06,4.999999999810711e-06,2.0999999999826713e-05
PR_LFP_RPT_REPT_150_0303_0.333C_0.333D_0_100,30,6.333333333345218e-06,4.301830671490803e-06,0.0,1.4999999999876223e-05
PR_LFP_RPT_REPT_150_0304_0.333C_0.333D_0_100,30,6.4666666666675825e-06,4.4623585331369e-06,0.0,1.6000000000016e-05
PR_LFP_RPT_REPT_150_0305_0.333C_0.333D_0_100,30,5.399999999999849e-06,4.303967696351018e-06,0.0,1.700000000015578e-05
PR_LFP_RPT_REPT_150_0306_0.333C_0.333D_0_100,30,4.099999999995774e-06,4.459395350960303e-06,0.0,1.7999999999851468e-05
PR_LFP_RPT_REPT_150_0307_0.333C_0.333D_0_100,30,8.333333333313912e-07,1.3412123525807852e-06,0.0,5.000000000254801e-06
PR_LFP_RPT_REPT_150_0308_0.333C_0.333D_0_100,30,7.999999999933986e-07,1.2703515668109892e-06,0.0,4.999999999810711e-06
PR_LFP_RPT_REPT_150_0309_0.333C_0.333D_0_100,30,4.999999999958741e-07,6.82288239215383e-07,0.0,2.9999999999752447e-06
PR_LFP_RPT_REPT_150_0310_0.333C_0.333D_0_100,30,5.99999999995049e-07,8.136762043570783e-07,0.0,2.9999999999752447e-06
PR_LFP_RPT_REPT_150_0311_0.333C_0.333D_0_100,30,6.000000000098519e-07,1.003442351005395e-06,0.0,4.000000000115023e-06
PR_LFP_RPT_REPT_150_0312_0.333C_0.333D_0_100,30,1.100000000005726e-06,2.2644174100125684e-06,0.0,1.1999999999900979e-05
PR_LFP_RPT_REPT_150_0313_0.333C_0.333D_0_100,30,8.999999999925734e-07,1.2134305884673025e-06,0.0,4.000000000115023e-06
PR_LFP_RPT_REPT_150_0314_0.333C_0.333D_0_100,30,6.999999999942237e-07,9.523111632754087e-07,0.0,2.9999999999752447e-06
PR_LFP_RPT_REPT_150_0315_0.333C_0.333D_0_100,30,1.1333333333437187e-06,1.7366899418200165e-06,0.0,8.999999999925734e-06
PR_LFP_RPT_REPT_150_0316_0.333C_0.333D_0_100,30,8.333333333461941e-07,1.3412123525941058e-06,0.0,7.000000000090267e-06
PR_LFP_RPT_REPT_150_0317_0.333C_0.333D_0_100,30,7.000000000090267e-07,7.943767889282902e-07,0.0,2.9999999999752447e-06
PR_LFP_RPT_REPT_150_0318_0.333C_0.333D_0_100,30,8.999999999925734e-07,1.5613875350030635e-06,0.0,5.999999999950489e-06
PR_LFP_RPT_REPT_150_0319_0.333C_0.333D_0_100,30,1.4666666666792358e-06,2.7509663923995104e-06,0.0,1.3000000000040757e-05
PR_LFP_RPT_REPT_150_0320_0.333C_0.333D_0_100,30,5.99999999995049e-07,1.1626367179383755e-06,0.0,4.999999999810711e-06
PR_LFP_RPT_REPT_150_0321_0.333C_0.333D_0_100,30,4.666666666578815e-07,6.814453874514418e-07,0.0,2.000000000279556e-06
PR_LFP_RPT_REPT_150_0322_0.333C_0.333D_0_100,30,4.666666666726845e-07,6.288102248657973e-07,0.0,2.000000000279556e-06
PR_LFP_RPT_REPT_150_0323_0.333C_0.333D_0_100,30,5.333333333338668e-07,6.814453875038763e-07,0.0,3.000000000419334e-06
PR_LFP_RPT_REPT_150_0324_0.333C_0.333D_0_100,30,1.366666666665258e-06,1.828572711388982e-06,0.0,7.999999999785956e-06
PR_LFP_RPT_REPT_150_0325_0.333C_0.333D_0_100,30,2.133333333335467e-06,4.0149147226122245e-06,0.0,1.4999999999876223e-05
PR_LFP_RPT_REPT_150_0326_0.333C_0.333D_0_100,30,7.333333333322163e-07,9.80265035705629e-07,0.0,4.000000000115023e-06
PR_LFP_RPT_REPT_150_0327_0.333C_0.333D_0_100,30,7.333333333322163e-07,8.276819868018165e-07,0.0,2.9999999999752447e-06
PR_LFP_RPT_REPT_150_0328_0.333C_0.333D_0_100,30,6.000000000098519e-07,7.239737088171788e-07,0.0,2.9999999999752447e-06
PR_LFP_RPT_REPT_150_0329_0.333C_0.333D_0_100,30,7.66666666670209e-07,1.2228664272194447e-06,0.0,5.999999999950489e-06
PR_LFP_RPT_REPT_150_0330_0.333C_0.333D_0_100,30,9.000000000073763e-07,1.2689936278733281e-06,0.0,5.000000000254801e-06
PR_LFP_RPT_REPT_150_0331_0.333C_0.333D_0_100,30,6.999999999942237e-07,8.366600265210707e-07,0.0,2.9999999999752447e-06
PR_LFP_RPT_REPT_150_0332_0.333C_0.333D_0_100,30,7.000000000090267e-07,8.366600265448645e-07,0.0,2.9999999999752447e-06
PR_LFP_RPT_REPT_150_0333_0.333C_0.333D_0_100,30,8.666666666693838e-07,9.732042112208897e-07,0.0,3.9999999996709334e-06
PR_LFP_RPT_REPT_150_0334_0.333C_0.333D_0_100,30,1.0000000000065511e-06,1.4142135623975194e-06,0.0,5.999999999950489e-06
PR_LFP_RPT_REPT_150_0335_0.333C_0.333D_0_100,30,9.33333333330566e-07,1.1724814043923873e-06,0.0,4.999999999810711e-06
PR_LFP_RPT_REPT_150_0336_0.333C_0.333D_0_100,30,9.666666666685586e-07,1.0333518723060093e-06,0.0,4.000000000115023e-06
PR_LFP_RPT_REPT_150_0337_0.333C_0.333D_0_100,30,9.666666666685586e-07,1.066199610448366e-06,0.0,4.000000000115023e-06
PR_LFP_RPT_REPT_150_0338_0.333C_0.333D_0_100,30,9.999999999917482e-07,9.468641529671401e-07,0.0,4.000000000115023e-06
PR_LFP_RPT_REPT_150_0339_0.333C_0.333D_0_100,30,7.999999999933986e-07,1.1264836959770472e-06,0.0,5.000000000254801e-06
PR_LFP_RPT_REPT_150_0340_0.333C_0.333D_0_100,30,1.6000000000016002e-06,3.3487002109956524e-06,0.0,1.699999999971169e-05
PR_LFP_RPT_REPT_150_0341_0.333C_0.333D_0_100,30,9.999999999917482e-07,1.7019258867704847e-06,0.0,8.999999999925734e-06
PR_LFP_RPT_REPT_150_0342_0.333C_0.333D_0_100,30,1.4666666666644326e-06,3.7114299997911083e-06,0.0,1.9999999999686935e-05
PR_LFP_RPT_REPT_150_0343_0.333C_0.333D_0_100,30,9.33333333330566e-07,1.6386144974244828e-06,0.0,7.999999999785956e-06
PR_LFP_RPT_REPT_150_0344_0.333C_0.333D_0_100,30,9.33333333345369e-07,1.172481404393258e-06,0.0,4.999999999810711e-06
PR_LFP_RPT_REPT_150_0345_0.333C_0.333D_0_100,30,1.366666666665258e-06,1.5421286974383392e-06,0.0,5.999999999950489e-06
PR_LFP_RPT_REPT_150_0346_0.333C_0.333D_0_100,30,1.2999999999892728e-06,1.3683617186521065e-06,0.0,4.999999999810711e-06
PR_LFP_RPT_REPT_150_0347_0.333C_0.333D_0_100,30,1.0333333333445438e-06,1.2172137016140197e-06,0.0,4.000000000115023e-06
PR_LFP_RPT_REPT_150_0348_0.333C_0.333D_0_100,30,6.999999999942237e-07,7.022132498665502e-07,0.0,2.000000000279556e-06
PR_LFP_RPT_REPT_150_0349_0.333C_0.333D_0_100,30,7.333333333322163e-07,1.0148325268179065e-06,0.0,4.000000000115023e-06
PR_LFP_RPT_REPT_150_0350_0.333C_0.333D_0_100,30,8.333333333313912e-07,1.147210509921537e-06,0.0,5.000000000254801e-06
PR_LFP_RPT_REPT_150_0351_0.333C_0.333D_0_100,30,8.000000000082016e-07,1.0635010497491496e-06,0.0,4.000000000115023e-06
PR_LFP_RPT_REPT_150_0352_0.333C_0.333D_0_100,30,8.999999999925734e-07,1.422722014646657e-06,0.0,5.999999999950489e-06
PR_LFP_RPT_REPT_150_0353_0.333C_0.333D_0_100,30,1.099999999990923e-06,1.2415229801694219e-06,0.0,4.000000000115023e-06
PR_LFP_RPT_REPT_150_0354_0.333C_0.333D_0_100,30,6.666666666710341e-07,7.580980435838699e-07,0.0,2.9999999999752447e-06
PR_LFP_RPT_REPT_150_0355_0.333C_0.333D_0_100,30,6.999999999942237e-07,1.0875470659469031e-06,0.0,4.999999999810711e-06
PR_LFP_RPT_REPT_150_0356_0.333C_0.333D_0_100,30,8.333333333461941e-07,1.3152509484848727e-06,0.0,5.999999999950489e-06
PR_LFP_RPT_REPT_150_0357_0.333C_0.333D_0_100,30,6.000000000098519e-07,7.239737087960269e-07,0.0,2.9999999999752447e-06
PR_LFP_RPT_REPT_150_0358_0.333C_0.333D_0_100,30,5.333333333338668e-07,6.814453874814045e-07,0.0,2.000000000279556e-06
PR_LFP_RPT_REPT_150_0359_0.333C_0.333D_0_100,30,6.666666666562312e-07,6.608945522664094e-07,0.0,2.000000000279556e-06
PR_LFP_RPT_REPT_150_0360_0.333C_0.333D_0_100,30,1.4999999999876223e-06,2.7386127875032323e-06,0.0,1.09999999997612e-05
PR_LFP_RPT_REPT_150_0361_0.333C_0.333D_0_100,30,8.333333333313912e-07,9.498941259802228e-07,0.0,2.9999999999752447e-06
PR_LFP_RPT_REPT_150_0362_0.333C_0.333D_0_100,30,1.533333333340418e-06,2.255007199838176e-06,0.0,1.0000000000065512e-05
PR_LFP_RPT_REPT_150_0363_0.333C_0.333D_0_100,30,1.266666666666083e-06,2.303420744523878e-06,0.0,1.1999999999900979e-05
PR_LFP_RPT_REPT_150_0364_0.333C_0.333D_0_100,30,7.66666666670209e-07,8.172001541655409e-07,0.0,2.9999999999752447e-06
PR_LFP_RPT_REPT_150_0365_0.333C_0.333D_0_100,30,7.66666666670209e-07,8.583598366820541e-07,0.0,4.000000000115023e-06
PR_LFP_RPT_REPT_150_0366_0.333C_0.333D_0_100,30,7.333333333322163e-07,9.802650356900073e-07,0.0,2.9999999999752447e-06
PR_LFP_RPT_REPT_150_0367_0.333C_0.333D_0_100,30,6.666666666710341e-07,8.840866447219907e-07,0.0,2.9999999999752447e-06
PR_LFP_RPT_REPT_150_0368_0.333C_0.333D_0_100,30,6.666666666710341e-07,1.1244411127385194e-06,0.0,4.999999999810711e-06
PR_LFP_RPT_REPT_150_0369_0.333C_0.333D_0_100,30,6.333333333330415e-07,7.18395402295026e-07,0.0,2.9999999999752447e-06
PR_LFP_RPT_REPT_150_0370_0.333C_0.333D_0_100,30,7.333333333322163e-07,9.071871393137506e-07,0.0,2.9999999999752447e-06
PR_LFP_RPT_REPT_150_0371_0.333C_0.333D_0_100,30,5.333333333338668e-07,6.288102248365736e-07,0.0,2.000000000279556e-06
