cell_id,cycle_no,step6_end_voltage,step7_start_voltage,step7_end_voltage,step6_max_gap_hours,gap_start_idx,gap_end_idx,gap_delta_v,step4_to_step8_duration_hours
PR_LFP_DCIR_REPT_150_0302_0_100,1,3.249998,3.231278,3.182586,0.0,,,,9.7517125
PR_LFP_DCIR_REPT_150_0303_0_100,1,3.25,3.217817,3.184776,0.0,,,,10.057889722222221
PR_LFP_DCIR_REPT_150_0304_0_100,1,3.25,3.216195,3.185168,0.0,,,,10.176947499999999
PR_LFP_DCIR_REPT_150_0305_0_100,1,3.25,3.21396,3.183714,0.0,,,,10.255351666666668
PR_LFP_DCIR_REPT_150_0306_0_100,1,3.25,3.217935,3.187147,0.0,,,,10.239656111111112
PR_LFP_DCIR_REPT_150_0307_0_100,1,3.249999,3.221762,3.174615,0.03201861111111111,24364.0,24365.0,0.01568499999999995,9.745075833333333
PR_LFP_DCIR_REPT_150_0308_0_100,1,3.249999,3.209709,3.176166,11.51576472222222,21982.0,21983.0,0.026883999999999908,21.653379444444443
PR_LFP_DCIR_REPT_150_0309_0_100,1,3.25,3.229142,3.179933,11.515789722222223,21982.0,21983.0,0.022479000000000138,21.71583888888889
PR_LFP_DCIR_REPT_150_0310_0_100,1,3.249999,3.214662,3.176436,11.515815555555555,21982.0,21983.0,0.028900999999999843,21.49536361111111
PR_LFP_DCIR_REPT_150_0311_0_100,1,3.25,3.210946,3.175777,11.515848333333333,21982.0,21983.0,0.01793800000000001,21.686061666666667
PR_LFP_DCIR_REPT_150_0312_0_100,1,3.25,3.215879,3.180835,11.518698333333333,21981.0,21982.0,0.02766599999999997,21.704665
PR_LFP_DCIR_REPT_150_0313_0_100,1,3.249999,3.22736,3.17162,11.518726944444445,21982.0,21983.0,0.027029999999999887,21.621665
PR_LFP_DCIR_REPT_150_0314_0_100,1,3.249998,3.206778,3.169105,11.518757222222222,21982.0,21983.0,0.019130999999999787,21.664076944444442
PR_LFP_DCIR_REPT_150_0315_0_100,1,3.25,3.198954,3.170226,11.518680555555555,21981.0,21982.0,0.01679800000000009,21.67664472222222
PR_LFP_DCIR_REPT_150_0316_0_100,1,3.249999,3.249195,3.171216,11.520098333333333,21981.0,21982.0,0.02816300000000016,21.714916388888888
PR_LFP_DCIR_REPT_150_0317_0_100,1,3.25,3.233825,3.177152,11.520125555555556,21981.0,21982.0,0.026656000000000013,21.710258055555556
PR_LFP_DCIR_REPT_150_0318_0_100,1,3.25,3.203404,3.167261,11.520151944444445,21981.0,21982.0,0.030631000000000075,21.395444444444447
PR_LFP_DCIR_REPT_150_0319_0_100,1,3.25,3.207453,3.181549,11.520184166666667,21981.0,21982.0,0.017973000000000017,21.52036027777778
PR_LFP_DCIR_REPT_150_0320_0_100,1,3.25,3.246786,3.167882,11.52130388888889,21980.0,21981.0,0.030594999999999928,21.396190555555552
PR_LFP_DCIR_REPT_150_0321_0_100,1,3.25,3.213122,3.176356,11.521336111111111,21981.0,21982.0,0.030191999999999997,21.50750638888889
PR_LFP_DCIR_REPT_150_0322_0_100,1,3.25,3.200143,3.169768,11.521246666666666,21981.0,21982.0,0.027175999999999867,21.694106944444446
PR_LFP_DCIR_REPT_150_0323_0_100,1,3.25,3.2165,3.180976,11.521268055555556,21981.0,21982.0,0.0195599999999998,21.51986666666667
PR_LFP_DCIR_REPT_150_0324_0_100,1,3.25,3.246125,3.172273,11.522452777777778,21982.0,21983.0,0.026724999999999888,21.730040833333334
PR_LFP_DCIR_REPT_150_0325_0_100,1,3.25,3.242191,3.177105,11.522475833333333,21982.0,21983.0,0.02815499999999993,21.614381666666667
PR_LFP_DCIR_REPT_150_0326_0_100,1,3.25,3.204903,3.17285,11.522551111111111,21980.0,21981.0,0.02176800000000023,21.64528
PR_LFP_DCIR_REPT_150_0327_0_100,1,3.249999,3.193943,3.165938,11.522579444444444,21981.0,21982.0,0.0195479999999999,21.44504888888889
PR_LFP_DCIR_REPT_150_0328_0_100,1,3.249999,3.234168,3.16866,11.52392611111111,21981.0,21982.0,0.030830000000000357,21.477509722222223
PR_LFP_DCIR_REPT_150_0329_0_100,1,3.249998,3.227652,3.17288,11.523949166666666,21981.0,21982.0,0.02898899999999971,21.463402777777777
PR_LFP_DCIR_REPT_150_0330_0_100,1,3.25,3.217851,3.182481,11.523970277777778,21980.0,21981.0,0.023636000000000212,21.73346388888889
PR_LFP_DCIR_REPT_150_0331_0_100,1,3.25,3.215811,3.177957,11.524001666666667,21981.0,21982.0,0.019843999999999973,21.41956972222222
PR_LFP_DCIR_REPT_150_0332_0_100,1,3.25,3.213114,3.168137,11.525371666666668,21981.0,21982.0,0.028668000000000138,21.69246638888889
PR_LFP_DCIR_REPT_150_0333_0_100,1,3.25,3.232548,3.183056,11.525399722222222,21980.0,21981.0,0.021419999999999995,21.78779388888889
PR_LFP_DCIR_REPT_150_0334_0_100,1,3.25,3.204435,3.175714,11.525426666666666,21980.0,21981.0,0.023725999999999914,21.69740638888889
PR_LFP_DCIR_REPT_150_0335_0_100,1,3.25,3.203147,3.175403,11.525463888888888,21979.0,21980.0,0.01476999999999995,21.756079166666666
PR_LFP_DCIR_REPT_150_0336_0_100,1,3.25,3.203343,3.168947,11.526408333333332,21980.0,21981.0,0.028900999999999843,21.685627500000002
PR_LFP_DCIR_REPT_150_0337_0_100,1,3.25,3.234548,3.168122,11.526435555555555,21980.0,21981.0,0.024021999999999988,21.598980833333336
PR_LFP_DCIR_REPT_150_0338_0_100,1,3.249999,3.21776,3.17617,11.52646111111111,21980.0,21981.0,0.0199600000000002,21.550323055555555
PR_LFP_DCIR_REPT_150_0339_0_100,1,3.25,3.201866,3.173061,11.526493888888888,21979.0,21980.0,0.0150030000000001,21.824984999999998
PR_LFP_DCIR_REPT_150_0340_0_100,1,3.25,3.222604,3.184529,11.527751944444445,21980.0,21981.0,0.026111999999999913,21.712062222222222
PR_LFP_DCIR_REPT_150_0341_0_100,1,3.25,3.213425,3.172839,11.527779444444445,21978.0,21979.0,0.02306600000000003,21.51975277777778
PR_LFP_DCIR_REPT_150_0342_0_100,1,3.25,3.213591,3.180216,11.527809444444445,21979.0,21980.0,0.01839600000000008,21.646147499999998
PR_LFP_DCIR_REPT_150_0343_0_100,1,3.249999,3.206163,3.18055,11.52772638888889,21979.0,21980.0,0.015290999999999944,21.700787222222225
PR_LFP_DCIR_REPT_150_0344_0_100,1,3.25,3.22006,3.177885,11.52917,21978.0,21979.0,0.02831299999999981,21.44984638888889
PR_LFP_DCIR_REPT_150_0345_0_100,1,3.249999,3.238988,3.183709,11.52908638888889,21978.0,21979.0,0.022173,21.745964166666667
PR_LFP_DCIR_REPT_150_0346_0_100,1,3.249999,3.22072,3.188254,11.529112777777778,21978.0,21979.0,0.023763999999999896,21.7780825
PR_LFP_DCIR_REPT_150_0347_0_100,1,3.249997,3.201804,3.175843,11.529139722222222,21978.0,21979.0,0.017511999999999972,21.544711666666668
PR_LFP_DCIR_REPT_150_0348_0_100,1,3.25,3.21163,3.178524,11.53044638888889,21977.0,21978.0,0.025195999999999774,21.72317861111111
PR_LFP_DCIR_REPT_150_0349_0_100,1,3.25,3.246547,3.168035,11.530479722222221,21977.0,21978.0,0.02893599999999985,21.504170000000002
PR_LFP_DCIR_REPT_150_0350_0_100,1,3.25,3.209818,3.176897,11.530393888888888,21977.0,21978.0,0.01668599999999998,21.7309325
PR_LFP_DCIR_REPT_150_0351_0_100,1,3.249998,3.203221,3.175979,11.530421666666665,21977.0,21978.0,0.015184000000000086,21.768620555555554
PR_LFP_DCIR_REPT_150_0352_0_100,1,3.25,3.212621,3.172876,11.53143,21978.0,21979.0,0.029314000000000284,21.6757375
PR_LFP_DCIR_REPT_150_0353_0_100,1,3.25,3.219724,3.18316,11.531453611111111,21977.0,21978.0,0.02775799999999995,21.522183055555555
PR_LFP_DCIR_REPT_150_0354_0_100,1,3.25,3.217693,3.182622,11.531677499999999,21976.0,21977.0,0.02410699999999988,21.826161666666668
PR_LFP_DCIR_REPT_150_0355_0_100,1,3.25,3.218029,3.182213,11.531599444444446,21977.0,21978.0,0.022604999999999986,21.473681666666668
PR_LFP_DCIR_REPT_150_0356_0_100,1,3.25,3.212048,3.183009,11.53290638888889,21975.0,21976.0,0.022879000000000094,21.66233527777778
PR_LFP_DCIR_REPT_150_0357_0_100,1,3.25,3.23442,3.174455,11.532829722222221,21976.0,21977.0,0.02303999999999995,21.6968525
PR_LFP_DCIR_REPT_150_0358_0_100,1,3.25,3.207925,3.177012,11.532849166666667,21975.0,21976.0,0.020668999999999826,21.58881888888889
PR_LFP_DCIR_REPT_150_0359_0_100,1,3.25,3.227216,3.187232,11.5328825,21976.0,21977.0,0.02002999999999977,21.581850555555555
PR_LFP_DCIR_REPT_150_0360_0_100,1,3.25,3.246065,3.189937,11.534106944444446,21975.0,21976.0,0.02620900000000015,21.8330375
PR_LFP_DCIR_REPT_150_0361_0_100,1,3.25,3.206551,3.174125,11.534140833333334,21976.0,21977.0,0.020249000000000184,21.810335555555554
PR_LFP_DCIR_REPT_150_0362_0_100,1,3.25,3.207624,3.174274,11.5340625,21975.0,21976.0,0.029171999999999976,21.569835
PR_LFP_DCIR_REPT_150_0363_0_100,1,3.249999,3.210722,3.17634,11.534084444444444,21975.0,21976.0,0.02135499999999979,21.7520975
PR_LFP_DCIR_REPT_150_0364_0_100,1,3.25,3.216425,3.17721,11.535415277777778,21974.0,21975.0,0.02942200000000028,21.60194083333333
PR_LFP_DCIR_REPT_150_0365_0_100,1,3.249999,3.242377,3.170001,11.53533638888889,21975.0,21976.0,0.025399999999999867,21.457956666666668
PR_LFP_DCIR_REPT_150_0366_0_100,1,3.25,3.226226,3.177176,11.535363888888888,21974.0,21975.0,0.026845999999999925,21.76171638888889
PR_LFP_DCIR_REPT_150_0367_0_100,1,3.249999,3.214337,3.172122,11.535390000000001,21974.0,21975.0,0.020750000000000046,21.668290555555558
PR_LFP_DCIR_REPT_150_0368_0_100,1,3.249999,3.221716,3.175011,11.536839722222222,21975.0,21976.0,0.028144999999999865,21.610803333333337
PR_LFP_DCIR_REPT_150_0369_0_100,1,3.249998,3.226018,3.169414,11.536858333333335,21975.0,21976.0,0.029500999999999777,21.663945555555554
PR_LFP_DCIR_REPT_150_0370_0_100,1,3.25,3.237491,3.169725,11.53690111111111,21974.0,21975.0,0.027848000000000095,21.617390833333335
PR_LFP_DCIR_REPT_150_0371_0_100,1,3.25,3.218592,3.175485,11.536922777777777,21974.0,21975.0,0.023233999999999977,21.552924722222222
