cell_file,Point,Target time,Recorded time,volt(V),% change vs end
PR_LFP_SelfDischarge_REPT_150_0302_0_100,End of charge,2025-11-09 11:59:44.524,2025-11-09 11:59:44.524,3.650013,0.0
PR_LFP_SelfDischarge_REPT_150_0302_0_100,End + 5 min,2025-11-09 12:04:44.524,2025-11-09 12:04:45.146,3.548047,-2.7935790913621403
PR_LFP_SelfDischarge_REPT_150_0302_0_100,End + 1 hr,2025-11-09 12:59:44.524,2025-11-09 12:59:44.868,3.492677,-4.310559989786335
PR_LFP_SelfDischarge_REPT_150_0302_0_100,End + 24 hr,2025-11-10 11:59:44.524,2025-11-10 11:59:44.908,3.460298,-5.197652720688942
PR_LFP_SelfDischarge_REPT_150_0303_0_100,End of charge,2025-11-09 12:07:36.226,2025-11-09 12:07:36.226,3.650017,0.0
PR_LFP_SelfDischarge_REPT_150_0303_0_100,End + 5 min,2025-11-09 12:12:36.226,2025-11-09 12:12:36.262,3.542483,-2.946123264631377
PR_LFP_SelfDischarge_REPT_150_0303_0_100,End + 1 hr,2025-11-09 13:07:36.226,2025-11-09 13:07:37.145,3.472933,-4.851593841891702
PR_LFP_SelfDischarge_REPT_150_0303_0_100,End + 24 hr,2025-11-10 12:07:36.226,2025-11-10 12:07:36.530,3.432506,-5.959177724377722
PR_LFP_SelfDischarge_REPT_150_0304_0_100,End of charge,2025-11-09 12:10:08.994,2025-11-09 12:10:08.994,3.650018,0.0
PR_LFP_SelfDischarge_REPT_150_0304_0_100,End + 5 min,2025-11-09 12:15:08.994,2025-11-09 12:15:09.885,3.536388,-3.113135332483295
PR_LFP_SelfDischarge_REPT_150_0304_0_100,End + 1 hr,2025-11-09 13:10:08.994,2025-11-09 13:10:09.921,3.470296,-4.923866128879375
PR_LFP_SelfDischarge_REPT_150_0304_0_100,End + 24 hr,2025-11-10 12:10:08.994,2025-11-10 12:10:09.433,3.422211,-6.241256892431771
PR_LFP_SelfDischarge_REPT_150_0305_0_100,End of charge,2025-11-09 12:12:23.996,2025-11-09 12:12:23.996,3.650016,0.0
PR_LFP_SelfDischarge_REPT_150_0305_0_100,End + 5 min,2025-11-09 12:17:23.996,2025-11-09 12:17:24.677,3.538764,-3.047986638962676
PR_LFP_SelfDischarge_REPT_150_0305_0_100,End + 1 hr,2025-11-09 13:12:23.996,2025-11-09 13:12:24.550,3.462833,-5.128278889736376
PR_LFP_SelfDischarge_REPT_150_0305_0_100,End + 24 hr,2025-11-10 12:12:23.996,2025-11-10 12:12:24.325,3.411479,-6.535231626381911
PR_LFP_SelfDischarge_REPT_150_0306_0_100,End of charge,2025-11-09 12:10:23.180,2025-11-09 12:10:23.180,3.65002,0.0
PR_LFP_SelfDischarge_REPT_150_0306_0_100,End + 5 min,2025-11-09 12:15:23.180,2025-11-09 12:15:24.086,3.540468,-3.001408211461851
PR_LFP_SelfDischarge_REPT_150_0306_0_100,End + 1 hr,2025-11-09 13:10:23.180,2025-11-09 13:10:24.087,3.481899,-4.606029556002438
PR_LFP_SelfDischarge_REPT_150_0306_0_100,End + 24 hr,2025-11-10 12:10:23.180,2025-11-10 12:10:23.961,3.442853,-5.675777119029488
PR_LFP_SelfDischarge_REPT_150_0307_0_100,End of charge,2025-11-14 15:55:58.617,2025-11-14 15:55:58.617,3.650028,0.0
PR_LFP_SelfDischarge_REPT_150_0307_0_100,End + 5 min,2025-11-14 16:00:58.617,2025-11-14 16:00:59.476,3.535953,-3.1253184907074605
PR_LFP_SelfDischarge_REPT_150_0307_0_100,End + 1 hr,2025-11-14 16:55:58.617,2025-11-14 16:55:59.388,3.447306,-5.553984791349536
PR_LFP_SelfDischarge_REPT_150_0307_0_100,End + 24 hr,2025-11-15 15:55:58.617,2025-11-15 15:55:58.756,3.390371,-7.113835839067531
PR_LFP_SelfDischarge_REPT_150_0308_0_100,End of charge,2025-11-14 16:01:45.932,2025-11-14 16:01:45.932,3.650014,0.0
PR_LFP_SelfDischarge_REPT_150_0308_0_100,End + 5 min,2025-11-14 16:06:45.932,2025-11-14 16:06:45.973,3.540209,-3.008344625527468
PR_LFP_SelfDischarge_REPT_150_0308_0_100,End + 1 hr,2025-11-14 17:01:45.932,2025-11-14 17:01:46.175,3.465554,-5.053679246161797
PR_LFP_SelfDischarge_REPT_150_0308_0_100,End + 24 hr,2025-11-15 16:01:45.932,2025-11-15 16:01:46.144,3.413296,-6.48539978202824
PR_LFP_SelfDischarge_REPT_150_0309_0_100,End of charge,2025-11-14 16:02:34.938,2025-11-14 16:02:34.938,3.65002,0.0
PR_LFP_SelfDischarge_REPT_150_0309_0_100,End + 5 min,2025-11-14 16:07:34.938,2025-11-14 16:07:35.084,3.539353,-3.0319559892822463
PR_LFP_SelfDischarge_REPT_150_0309_0_100,End + 1 hr,2025-11-14 17:02:34.938,2025-11-14 17:02:34.999,3.464716,-5.076794099758355
PR_LFP_SelfDischarge_REPT_150_0309_0_100,End + 24 hr,2025-11-15 16:02:34.938,2025-11-15 16:02:35.104,3.41371,-6.474211100213149
PR_LFP_SelfDischarge_REPT_150_0310_0_100,End of charge,2025-11-14 15:59:56.044,2025-11-14 15:59:56.044,3.650019,0.0
PR_LFP_SelfDischarge_REPT_150_0310_0_100,End + 5 min,2025-11-14 16:04:56.044,2025-11-14 16:04:56.669,3.537052,-3.0949701905661264
PR_LFP_SelfDischarge_REPT_150_0310_0_100,End + 1 hr,2025-11-14 16:59:56.044,2025-11-14 16:59:56.869,3.451511,-5.438547032220926
PR_LFP_SelfDischarge_REPT_150_0310_0_100,End + 24 hr,2025-11-15 15:59:56.044,2025-11-15 15:59:56.498,3.385952,-7.234674668816787
PR_LFP_SelfDischarge_REPT_150_0311_0_100,End of charge,2025-11-14 16:03:34.254,2025-11-14 16:03:34.254,3.650018,0.0
PR_LFP_SelfDischarge_REPT_150_0311_0_100,End + 5 min,2025-11-14 16:08:34.254,2025-11-14 16:08:34.813,3.53485,-3.1552721109868545
PR_LFP_SelfDischarge_REPT_150_0311_0_100,End + 1 hr,2025-11-14 17:03:34.254,2025-11-14 17:03:34.703,3.452501,-5.411397971188098
PR_LFP_SelfDischarge_REPT_150_0311_0_100,End + 24 hr,2025-11-15 16:03:34.254,2025-11-15 16:03:34.815,3.398961,-6.878240052514818
PR_LFP_SelfDischarge_REPT_150_0312_0_100,End of charge,2025-11-14 16:05:09.024,2025-11-14 16:05:09.024,3.650014,0.0
PR_LFP_SelfDischarge_REPT_150_0312_0_100,End + 5 min,2025-11-14 16:10:09.024,2025-11-14 16:10:09.649,3.535277,-3.1434673949195897
PR_LFP_SelfDischarge_REPT_150_0312_0_100,End + 1 hr,2025-11-14 17:05:09.024,2025-11-14 17:05:09.435,3.439372,-5.77099156332003
PR_LFP_SelfDischarge_REPT_150_0312_0_100,End + 24 hr,2025-11-15 16:05:09.024,2025-11-15 16:05:09.938,3.358981,-7.973476266118435
PR_LFP_SelfDischarge_REPT_150_0313_0_100,End of charge,2025-11-14 16:00:25.162,2025-11-14 16:00:25.162,3.650008,0.0
PR_LFP_SelfDischarge_REPT_150_0313_0_100,End + 5 min,2025-11-14 16:05:25.162,2025-11-14 16:05:25.864,3.542474,-2.9461305290289843
PR_LFP_SelfDischarge_REPT_150_0313_0_100,End + 1 hr,2025-11-14 17:00:25.162,2025-11-14 17:00:26.051,3.472301,-4.868674260439985
PR_LFP_SelfDischarge_REPT_150_0313_0_100,End + 24 hr,2025-11-15 16:00:25.162,2025-11-15 16:00:26.009,3.420716,-6.281958834062832
PR_LFP_SelfDischarge_REPT_150_0314_0_100,End of charge,2025-11-14 16:03:31.210,2025-11-14 16:03:31.210,3.650017,0.0
PR_LFP_SelfDischarge_REPT_150_0314_0_100,End + 5 min,2025-11-14 16:08:31.210,2025-11-14 16:08:31.793,3.540297,-3.0060133966499403
PR_LFP_SelfDischarge_REPT_150_0314_0_100,End + 1 hr,2025-11-14 17:03:31.210,2025-11-14 17:03:31.643,3.447134,-5.5584124676679565
PR_LFP_SelfDischarge_REPT_150_0314_0_100,End + 24 hr,2025-11-15 16:03:31.210,2025-11-15 16:03:31.311,3.377924,-7.454568019820179
PR_LFP_SelfDischarge_REPT_150_0315_0_100,End of charge,2025-11-14 16:01:21.131,2025-11-14 16:01:21.131,3.650024,0.0
PR_LFP_SelfDischarge_REPT_150_0315_0_100,End + 5 min,2025-11-14 16:06:21.131,2025-11-14 16:06:21.588,3.548033,-2.7942555994152354
PR_LFP_SelfDischarge_REPT_150_0315_0_100,End + 1 hr,2025-11-14 17:01:21.131,2025-11-14 17:01:21.263,3.47223,-4.871036464417768
PR_LFP_SelfDischarge_REPT_150_0315_0_100,End + 24 hr,2025-11-15 16:01:21.131,2025-11-15 16:01:21.247,3.414174,-6.461601348374699
PR_LFP_SelfDischarge_REPT_150_0316_0_100,End of charge,2025-11-14 16:02:52.589,2025-11-14 16:02:52.589,3.650027,0.0
PR_LFP_SelfDischarge_REPT_150_0316_0_100,End + 5 min,2025-11-14 16:07:52.589,2025-11-14 16:07:52.878,3.538567,-3.0536760413005197
PR_LFP_SelfDischarge_REPT_150_0316_0_100,End + 1 hr,2025-11-14 17:02:52.589,2025-11-14 17:02:52.808,3.462062,-5.149687933815288
PR_LFP_SelfDischarge_REPT_150_0316_0_100,End + 24 hr,2025-11-15 16:02:52.589,2025-11-15 16:02:53.525,3.406663,-6.667457528396368
PR_LFP_SelfDischarge_REPT_150_0317_0_100,End of charge,2025-11-14 16:05:59.229,2025-11-14 16:05:59.229,3.650018,0.0
PR_LFP_SelfDischarge_REPT_150_0317_0_100,End + 5 min,2025-11-14 16:10:59.229,2025-11-14 16:10:59.777,3.532039,-3.232285429825279
PR_LFP_SelfDischarge_REPT_150_0317_0_100,End + 1 hr,2025-11-14 17:05:59.229,2025-11-14 17:05:59.418,3.442989,-5.671999425756266
PR_LFP_SelfDischarge_REPT_150_0317_0_100,End + 24 hr,2025-11-15 16:05:59.229,2025-11-15 16:05:59.362,3.386526,-7.218923303939878
PR_LFP_SelfDischarge_REPT_150_0318_0_100,End of charge,2025-11-14 15:59:14.505,2025-11-14 15:59:14.505,3.650017,0.0
PR_LFP_SelfDischarge_REPT_150_0318_0_100,End + 5 min,2025-11-14 16:04:14.505,2025-11-14 16:04:15.097,3.539768,-3.020506479832835
PR_LFP_SelfDischarge_REPT_150_0318_0_100,End + 1 hr,2025-11-14 16:59:14.505,2025-11-14 16:59:15.416,3.443091,-5.669179075056367
PR_LFP_SelfDischarge_REPT_150_0318_0_100,End + 24 hr,2025-11-15 15:59:14.505,2025-11-15 15:59:14.861,3.372874,-7.592923539808175
PR_LFP_SelfDischarge_REPT_150_0319_0_100,End of charge,2025-11-14 15:59:21.029,2025-11-14 15:59:21.029,3.65002,0.0
PR_LFP_SelfDischarge_REPT_150_0319_0_100,End + 5 min,2025-11-14 16:04:21.029,2025-11-14 16:04:21.639,3.543691,-2.913107325439316
PR_LFP_SelfDischarge_REPT_150_0319_0_100,End + 1 hr,2025-11-14 16:59:21.029,2025-11-14 16:59:21.930,3.456987,-5.288546364129518
PR_LFP_SelfDischarge_REPT_150_0319_0_100,End + 24 hr,2025-11-15 15:59:21.029,2025-11-15 15:59:21.383,3.391646,-7.078700938624991
PR_LFP_SelfDischarge_REPT_150_0320_0_100,End of charge,2025-11-14 15:59:07.082,2025-11-14 15:59:07.082,3.650017,0.0
PR_LFP_SelfDischarge_REPT_150_0320_0_100,End + 5 min,2025-11-14 16:04:07.082,2025-11-14 16:04:07.786,3.535455,-3.138670313042385
PR_LFP_SelfDischarge_REPT_150_0320_0_100,End + 1 hr,2025-11-14 16:59:07.082,2025-11-14 16:59:07.956,3.445807,-5.594768462722235
PR_LFP_SelfDischarge_REPT_150_0320_0_100,End + 24 hr,2025-11-15 15:59:07.082,2025-11-15 15:59:07.982,3.385434,-7.248815553461806
PR_LFP_SelfDischarge_REPT_150_0321_0_100,End of charge,2025-11-14 16:01:43.723,2025-11-14 16:01:43.723,3.650018,0.0
PR_LFP_SelfDischarge_REPT_150_0321_0_100,End + 5 min,2025-11-14 16:06:43.723,2025-11-14 16:06:43.760,3.535757,-3.1304229184623305
PR_LFP_SelfDischarge_REPT_150_0321_0_100,End + 1 hr,2025-11-14 17:01:43.723,2025-11-14 17:01:43.896,3.443262,-5.664520010586259
PR_LFP_SelfDischarge_REPT_150_0321_0_100,End + 24 hr,2025-11-15 16:01:43.723,2025-11-15 16:01:43.753,3.379586,-7.4090593525840145
PR_LFP_SelfDischarge_REPT_150_0322_0_100,End of charge,2025-11-14 16:04:24.544,2025-11-14 16:04:24.544,3.650015,0.0
PR_LFP_SelfDischarge_REPT_150_0322_0_100,End + 5 min,2025-11-14 16:09:24.544,2025-11-14 16:09:25.112,3.539349,-3.03193274548186
PR_LFP_SelfDischarge_REPT_150_0322_0_100,End + 1 hr,2025-11-14 17:04:24.544,2025-11-14 17:04:24.901,3.452838,-5.402087388681963
PR_LFP_SelfDischarge_REPT_150_0322_0_100,End + 24 hr,2025-11-15 16:04:24.544,2025-11-15 16:04:25.029,3.399363,-6.867149861027959
PR_LFP_SelfDischarge_REPT_150_0323_0_100,End of charge,2025-11-14 16:01:24.698,2025-11-14 16:01:24.698,3.650018,0.0
PR_LFP_SelfDischarge_REPT_150_0323_0_100,End + 5 min,2025-11-14 16:06:24.698,2025-11-14 16:06:25.211,3.537371,-3.0862039584462426
PR_LFP_SelfDischarge_REPT_150_0323_0_100,End + 1 hr,2025-11-14 17:01:24.698,2025-11-14 17:01:24.859,3.448876,-5.510712549910723
PR_LFP_SelfDischarge_REPT_150_0323_0_100,End + 24 hr,2025-11-15 16:01:24.698,2025-11-15 16:01:25.073,3.388892,-7.1541017057998175
PR_LFP_SelfDischarge_REPT_150_0324_0_100,End of charge,2025-11-14 16:05:40.617,2025-11-14 16:05:40.617,3.650019,0.0
PR_LFP_SelfDischarge_REPT_150_0324_0_100,End + 5 min,2025-11-14 16:10:40.617,2025-11-14 16:10:40.807,3.534406,-3.167462963891414
PR_LFP_SelfDischarge_REPT_150_0324_0_100,End + 1 hr,2025-11-14 17:05:40.617,2025-11-14 17:05:41.409,3.444814,-5.622025529182173
PR_LFP_SelfDischarge_REPT_150_0324_0_100,End + 24 hr,2025-11-15 16:05:40.617,2025-11-15 16:05:40.939,3.385405,-7.249660892176175
PR_LFP_SelfDischarge_REPT_150_0325_0_100,End of charge,2025-11-14 16:04:12.784,2025-11-14 16:04:12.784,3.650009,0.0
PR_LFP_SelfDischarge_REPT_150_0325_0_100,End + 5 min,2025-11-14 16:09:12.784,2025-11-14 16:09:13.330,3.534752,-3.1577182412426854
PR_LFP_SelfDischarge_REPT_150_0325_0_100,End + 1 hr,2025-11-14 17:04:12.784,2025-11-14 17:04:13.114,3.443186,-5.666369589773614
PR_LFP_SelfDischarge_REPT_150_0325_0_100,End + 24 hr,2025-11-15 16:04:12.784,2025-11-15 16:04:13.178,3.387395,-7.194886368773329
PR_LFP_SelfDischarge_REPT_150_0326_0_100,End of charge,2025-11-14 16:05:28.325,2025-11-14 16:05:28.325,3.650024,0.0
PR_LFP_SelfDischarge_REPT_150_0326_0_100,End + 5 min,2025-11-14 16:10:28.325,2025-11-14 16:10:28.925,3.530927,-3.2629100520982877
PR_LFP_SelfDischarge_REPT_150_0326_0_100,End + 1 hr,2025-11-14 17:05:28.325,2025-11-14 17:05:28.917,3.438401,-5.797852288094553
PR_LFP_SelfDischarge_REPT_150_0326_0_100,End + 24 hr,2025-11-15 16:05:28.325,2025-11-15 16:05:28.704,3.387769,-7.185021249175351
PR_LFP_SelfDischarge_REPT_150_0327_0_100,End of charge,2025-11-14 16:04:52.170,2025-11-14 16:04:52.170,3.650017,0.0
PR_LFP_SelfDischarge_REPT_150_0327_0_100,End + 5 min,2025-11-14 16:09:52.170,2025-11-14 16:09:52.778,3.526788,-3.3761212619009786
PR_LFP_SelfDischarge_REPT_150_0327_0_100,End + 1 hr,2025-11-14 17:04:52.170,2025-11-14 17:04:52.567,3.423406,-6.208491631682814
PR_LFP_SelfDischarge_REPT_150_0327_0_100,End + 24 hr,2025-11-15 16:04:52.170,2025-11-15 16:04:52.860,3.364815,-7.813717032002863
PR_LFP_SelfDischarge_REPT_150_0328_0_100,End of charge,2025-11-14 16:02:54.433,2025-11-14 16:02:54.433,3.650018,0.0
PR_LFP_SelfDischarge_REPT_150_0328_0_100,End + 5 min,2025-11-14 16:07:54.433,2025-11-14 16:07:54.614,3.533635,-3.1885596180621665
PR_LFP_SelfDischarge_REPT_150_0328_0_100,End + 1 hr,2025-11-14 17:02:54.433,2025-11-14 17:02:54.530,3.433526,-5.931258421191351
PR_LFP_SelfDischarge_REPT_150_0328_0_100,End + 24 hr,2025-11-15 16:02:54.433,2025-11-15 16:02:55.432,3.367417,-7.742454968715225
PR_LFP_SelfDischarge_REPT_150_0329_0_100,End of charge,2025-11-14 16:01:09.674,2025-11-14 16:01:09.674,3.650016,0.0
PR_LFP_SelfDischarge_REPT_150_0329_0_100,End + 5 min,2025-11-14 16:06:09.674,2025-11-14 16:06:10.181,3.536752,-3.1031096849986417
PR_LFP_SelfDischarge_REPT_150_0329_0_100,End + 1 hr,2025-11-14 17:01:09.674,2025-11-14 17:01:09.851,3.441104,-5.7235913486406576
PR_LFP_SelfDischarge_REPT_150_0329_0_100,End + 24 hr,2025-11-15 16:01:09.674,2025-11-15 16:01:09.675,3.376629,-7.490021961547567
PR_LFP_SelfDischarge_REPT_150_0330_0_100,End of charge,2025-11-14 16:03:12.281,2025-11-14 16:03:12.281,3.650021,0.0
PR_LFP_SelfDischarge_REPT_150_0330_0_100,End + 5 min,2025-11-14 16:08:12.281,2025-11-14 16:08:12.570,3.539852,-3.018311401496045
PR_LFP_SelfDischarge_REPT_150_0330_0_100,End + 1 hr,2025-11-14 17:03:12.281,2025-11-14 17:03:12.429,3.461329,-5.16961409263125
PR_LFP_SelfDischarge_REPT_150_0330_0_100,End + 24 hr,2025-11-15 16:03:12.281,2025-11-15 16:03:13.056,3.401849,-6.799193758063317
PR_LFP_SelfDischarge_REPT_150_0331_0_100,End of charge,2025-11-14 15:56:13.339,2025-11-14 15:56:13.339,3.650019,0.0
PR_LFP_SelfDischarge_REPT_150_0331_0_100,End + 5 min,2025-11-14 16:01:13.339,2025-11-14 16:01:14.347,3.548135,-2.7913279355532143
PR_LFP_SelfDischarge_REPT_150_0331_0_100,End + 1 hr,2025-11-14 16:56:13.339,2025-11-14 16:56:14.282,3.477247,-4.733454812153025
PR_LFP_SelfDischarge_REPT_150_0331_0_100,End + 24 hr,2025-11-15 15:56:13.339,2025-11-15 15:56:13.974,3.422528,-6.2325976933270795
PR_LFP_SelfDischarge_REPT_150_0332_0_100,End of charge,2025-11-14 16:08:34.960,2025-11-14 16:08:34.960,3.650014,0.0
PR_LFP_SelfDischarge_REPT_150_0332_0_100,End + 5 min,2025-11-14 16:13:34.960,2025-11-14 16:13:35.093,3.530415,-3.276672363448469
PR_LFP_SelfDischarge_REPT_150_0332_0_100,End + 1 hr,2025-11-14 17:08:34.960,2025-11-14 17:08:35.827,3.431358,-5.990552365004633
PR_LFP_SelfDischarge_REPT_150_0332_0_100,End + 24 hr,2025-11-15 16:08:34.960,2025-11-15 16:08:35.271,3.370873,-7.647669296610919
PR_LFP_SelfDischarge_REPT_150_0333_0_100,End of charge,2025-11-14 16:05:58.541,2025-11-14 16:05:58.541,3.650025,0.0
PR_LFP_SelfDischarge_REPT_150_0333_0_100,End + 5 min,2025-11-14 16:10:58.541,2025-11-14 16:10:59.062,3.542018,-2.9590756227697
PR_LFP_SelfDischarge_REPT_150_0333_0_100,End + 1 hr,2025-11-14 17:05:58.541,2025-11-14 17:05:58.700,3.457703,-5.269059800960265
PR_LFP_SelfDischarge_REPT_150_0333_0_100,End + 24 hr,2025-11-15 16:05:58.541,2025-11-15 16:05:58.612,3.410554,-6.560804378052206
PR_LFP_SelfDischarge_REPT_150_0334_0_100,End of charge,2025-11-14 16:03:38.213,2025-11-14 16:03:38.213,3.650018,0.0
PR_LFP_SelfDischarge_REPT_150_0334_0_100,End + 5 min,2025-11-14 16:08:38.213,2025-11-14 16:08:38.776,3.536045,-3.1225325464148423
PR_LFP_SelfDischarge_REPT_150_0334_0_100,End + 1 hr,2025-11-14 17:03:38.213,2025-11-14 17:03:38.637,3.448849,-5.511452272290168
PR_LFP_SelfDischarge_REPT_150_0334_0_100,End + 24 hr,2025-11-15 16:03:38.213,2025-11-15 16:03:38.935,3.380116,-7.3945388762466395
PR_LFP_SelfDischarge_REPT_150_0335_0_100,End of charge,2025-11-14 16:00:48.893,2025-11-14 16:00:48.893,3.65001,0.0
PR_LFP_SelfDischarge_REPT_150_0335_0_100,End + 5 min,2025-11-14 16:05:48.893,2025-11-14 16:05:49.605,3.548458,-2.7822389527699887
PR_LFP_SelfDischarge_REPT_150_0335_0_100,End + 1 hr,2025-11-14 17:00:48.893,2025-11-14 17:00:49.812,3.486665,-4.475193218648718
PR_LFP_SelfDischarge_REPT_150_0335_0_100,End + 24 hr,2025-11-15 16:00:48.893,2025-11-15 16:00:49.374,3.436435,-5.8513538319073115
PR_LFP_SelfDischarge_REPT_150_0336_0_100,End of charge,2025-11-14 16:04:04.022,2025-11-14 16:04:04.022,3.650014,0.0
PR_LFP_SelfDischarge_REPT_150_0336_0_100,End + 5 min,2025-11-14 16:09:04.022,2025-11-14 16:09:04.524,3.538219,-3.0628649643535697
PR_LFP_SelfDischarge_REPT_150_0336_0_100,End + 1 hr,2025-11-14 17:04:04.022,2025-11-14 17:04:04.385,3.454868,-5.34644524651139
PR_LFP_SelfDischarge_REPT_150_0336_0_100,End + 24 hr,2025-11-15 16:04:04.022,2025-11-15 16:04:04.405,3.402084,-6.792576686007237
PR_LFP_SelfDischarge_REPT_150_0337_0_100,End of charge,2025-11-14 16:03:10.977,2025-11-14 16:03:10.977,3.65002,0.0
PR_LFP_SelfDischarge_REPT_150_0337_0_100,End + 5 min,2025-11-14 16:08:10.977,2025-11-14 16:08:11.259,3.534044,-3.1774072470835737
PR_LFP_SelfDischarge_REPT_150_0337_0_100,End + 1 hr,2025-11-14 17:03:10.977,2025-11-14 17:03:11.134,3.437917,-5.811009254743808
PR_LFP_SelfDischarge_REPT_150_0337_0_100,End + 24 hr,2025-11-15 16:03:10.977,2025-11-15 16:03:11.090,3.368444,-7.714368688390744
PR_LFP_SelfDischarge_REPT_150_0338_0_100,End of charge,2025-11-14 16:01:36.875,2025-11-14 16:01:36.875,3.650022,0.0
PR_LFP_SelfDischarge_REPT_150_0338_0_100,End + 5 min,2025-11-14 16:06:36.875,2025-11-14 16:06:36.990,3.539429,-3.0299269429060898
PR_LFP_SelfDischarge_REPT_150_0338_0_100,End + 1 hr,2025-11-14 17:01:36.875,2025-11-14 17:01:37.108,3.451842,-5.429556315003028
PR_LFP_SelfDischarge_REPT_150_0338_0_100,End + 24 hr,2025-11-15 16:01:36.875,2025-11-15 16:01:36.897,3.395998,-6.959519696045663
PR_LFP_SelfDischarge_REPT_150_0339_0_100,End of charge,2025-11-14 16:06:41.226,2025-11-14 16:06:41.226,3.650019,0.0
PR_LFP_SelfDischarge_REPT_150_0339_0_100,End + 5 min,2025-11-14 16:11:41.226,2025-11-14 16:11:41.316,3.537447,-3.0841483290908926
PR_LFP_SelfDischarge_REPT_150_0339_0_100,End + 1 hr,2025-11-14 17:06:41.226,2025-11-14 17:06:41.518,3.453507,-5.383862385373879
PR_LFP_SelfDischarge_REPT_150_0339_0_100,End + 24 hr,2025-11-15 16:06:41.226,2025-11-15 16:06:42.011,3.396305,-6.951032309694827
PR_LFP_SelfDischarge_REPT_150_0340_0_100,End of charge,2025-11-14 16:04:58.718,2025-11-14 16:04:58.718,3.650019,0.0
PR_LFP_SelfDischarge_REPT_150_0340_0_100,End + 5 min,2025-11-14 16:09:58.718,2025-11-14 16:09:59.329,3.533957,-3.179764269720237
PR_LFP_SelfDischarge_REPT_150_0340_0_100,End + 1 hr,2025-11-14 17:04:58.718,2025-11-14 17:04:59.119,3.447846,-5.538957468440567
PR_LFP_SelfDischarge_REPT_150_0340_0_100,End + 24 hr,2025-11-15 16:04:58.718,2025-11-15 16:04:59.177,3.384746,-7.267715592713356
PR_LFP_SelfDischarge_REPT_150_0341_0_100,End of charge,2025-11-14 16:00:02.598,2025-11-14 16:00:02.598,3.650017,0.0
PR_LFP_SelfDischarge_REPT_150_0341_0_100,End + 5 min,2025-11-14 16:05:02.598,2025-11-14 16:05:03.209,3.540201,-3.008643521386336
PR_LFP_SelfDischarge_REPT_150_0341_0_100,End + 1 hr,2025-11-14 17:00:02.598,2025-11-14 17:00:03.349,3.455538,-5.328166964701804
PR_LFP_SelfDischarge_REPT_150_0341_0_100,End + 24 hr,2025-11-15 16:00:02.598,2025-11-15 16:00:03.330,3.391637,-7.078871139504289
PR_LFP_SelfDischarge_REPT_150_0342_0_100,End of charge,2025-11-14 16:05:27.316,2025-11-14 16:05:27.316,3.650015,0.0
PR_LFP_SelfDischarge_REPT_150_0342_0_100,End + 5 min,2025-11-14 16:10:27.316,2025-11-14 16:10:27.956,3.533955,-3.179712960083715
PR_LFP_SelfDischarge_REPT_150_0342_0_100,End + 1 hr,2025-11-14 17:05:27.316,2025-11-14 17:05:27.947,3.439939,-5.755483196644396
PR_LFP_SelfDischarge_REPT_150_0342_0_100,End + 24 hr,2025-11-15 16:05:27.316,2025-11-15 16:05:27.384,3.3685,-7.712708029966993
PR_LFP_SelfDischarge_REPT_150_0343_0_100,End of charge,2025-11-14 16:01:37.229,2025-11-14 16:01:37.229,3.650017,0.0
PR_LFP_SelfDischarge_REPT_150_0343_0_100,End + 5 min,2025-11-14 16:06:37.229,2025-11-14 16:06:37.276,3.543199,-2.9265069176390157
PR_LFP_SelfDischarge_REPT_150_0343_0_100,End + 1 hr,2025-11-14 17:01:37.229,2025-11-14 17:01:37.430,3.474516,-4.808224180873681
PR_LFP_SelfDischarge_REPT_150_0343_0_100,End + 24 hr,2025-11-15 16:01:37.229,2025-11-15 16:01:37.484,3.426098,-6.134738550532778
PR_LFP_SelfDischarge_REPT_150_0344_0_100,End of charge,2025-11-14 16:00:59.995,2025-11-14 16:00:59.995,3.65002,0.0
PR_LFP_SelfDischarge_REPT_150_0344_0_100,End + 5 min,2025-11-14 16:05:59.995,2025-11-14 16:06:00.466,3.534923,-3.1533251872592483
PR_LFP_SelfDischarge_REPT_150_0344_0_100,End + 1 hr,2025-11-14 17:00:59.995,2025-11-14 17:01:00.150,3.441608,-5.709886521169747
PR_LFP_SelfDischarge_REPT_150_0344_0_100,End + 24 hr,2025-11-15 16:00:59.995,2025-11-15 16:01:00.821,3.380024,-7.397110152821078
PR_LFP_SelfDischarge_REPT_150_0345_0_100,End of charge,2025-11-14 16:06:39.464,2025-11-14 16:06:39.464,3.65002,0.0
PR_LFP_SelfDischarge_REPT_150_0345_0_100,End + 5 min,2025-11-14 16:11:39.464,2025-11-14 16:11:39.530,3.532693,-3.214420742900038
PR_LFP_SelfDischarge_REPT_150_0345_0_100,End + 1 hr,2025-11-14 17:06:39.464,2025-11-14 17:06:39.739,3.443929,-5.646297828505055
PR_LFP_SelfDischarge_REPT_150_0345_0_100,End + 24 hr,2025-11-15 16:06:39.464,2025-11-15 16:06:39.890,3.385272,-7.253330118739075
PR_LFP_SelfDischarge_REPT_150_0346_0_100,End of charge,2025-11-14 16:03:37.659,2025-11-14 16:03:37.659,3.650019,0.0
PR_LFP_SelfDischarge_REPT_150_0346_0_100,End + 5 min,2025-11-14 16:08:37.659,2025-11-14 16:08:38.299,3.543516,-2.9178752220193926
PR_LFP_SelfDischarge_REPT_150_0346_0_100,End + 1 hr,2025-11-14 17:03:37.659,2025-11-14 17:03:38.182,3.474208,-4.816714652718244
PR_LFP_SelfDischarge_REPT_150_0346_0_100,End + 24 hr,2025-11-15 16:03:37.659,2025-11-15 16:03:38.248,3.428384,-6.072160172316912
PR_LFP_SelfDischarge_REPT_150_0347_0_100,End of charge,2025-11-14 15:57:42.482,2025-11-14 15:57:42.482,3.650012,0.0
PR_LFP_SelfDischarge_REPT_150_0347_0_100,End + 5 min,2025-11-14 16:02:42.482,2025-11-14 16:02:42.999,3.54808,-2.7926483529369133
PR_LFP_SelfDischarge_REPT_150_0347_0_100,End + 1 hr,2025-11-14 16:57:42.482,2025-11-14 16:57:42.854,3.476813,-4.745162481657592
PR_LFP_SelfDischarge_REPT_150_0347_0_100,End + 24 hr,2025-11-15 15:57:42.482,2025-11-15 15:57:42.970,3.414182,-6.461074648521703
PR_LFP_SelfDischarge_REPT_150_0348_0_100,End of charge,2025-11-14 16:05:42.612,2025-11-14 16:05:42.612,3.650018,0.0
PR_LFP_SelfDischarge_REPT_150_0348_0_100,End + 5 min,2025-11-14 16:10:42.612,2025-11-14 16:10:42.690,3.533001,-3.2059293954166836
PR_LFP_SelfDischarge_REPT_150_0348_0_100,End + 1 hr,2025-11-14 17:05:42.612,2025-11-14 17:05:43.350,3.442121,-5.695780130399357
PR_LFP_SelfDischarge_REPT_150_0348_0_100,End + 24 hr,2025-11-15 16:05:42.612,2025-11-15 16:05:43.440,3.37431,-7.553606584953836
PR_LFP_SelfDischarge_REPT_150_0349_0_100,End of charge,2025-11-14 16:01:40.151,2025-11-14 16:01:40.151,3.650016,0.0
PR_LFP_SelfDischarge_REPT_150_0349_0_100,End + 5 min,2025-11-14 16:06:40.151,2025-11-14 16:06:40.201,3.537266,-3.089027554947708
PR_LFP_SelfDischarge_REPT_150_0349_0_100,End + 1 hr,2025-11-14 17:01:40.151,2025-11-14 17:01:40.371,3.438583,-5.792659539026678
PR_LFP_SelfDischarge_REPT_150_0349_0_100,End + 24 hr,2025-11-15 16:01:40.151,2025-11-15 16:01:40.505,3.367823,-7.731281177945519
PR_LFP_SelfDischarge_REPT_150_0350_0_100,End of charge,2025-11-14 16:02:37.277,2025-11-14 16:02:37.277,3.650014,0.0
PR_LFP_SelfDischarge_REPT_150_0350_0_100,End + 5 min,2025-11-14 16:07:37.277,2025-11-14 16:07:37.395,3.5425,-2.945577742989482
PR_LFP_SelfDischarge_REPT_150_0350_0_100,End + 1 hr,2025-11-14 17:02:37.277,2025-11-14 17:02:37.301,3.473455,-4.837214323013559
PR_LFP_SelfDischarge_REPT_150_0350_0_100,End + 24 hr,2025-11-15 16:02:37.277,2025-11-15 16:02:37.946,3.426849,-6.114086137751808
PR_LFP_SelfDischarge_REPT_150_0351_0_100,End of charge,2025-11-14 16:02:29.576,2025-11-14 16:02:29.576,3.650017,0.0
PR_LFP_SelfDischarge_REPT_150_0351_0_100,End + 5 min,2025-11-14 16:07:29.576,2025-11-14 16:07:29.712,3.546203,-2.8442059310956593
PR_LFP_SelfDischarge_REPT_150_0351_0_100,End + 1 hr,2025-11-14 17:02:29.576,2025-11-14 17:02:29.622,3.476736,-4.747402546344311
PR_LFP_SelfDischarge_REPT_150_0351_0_100,End + 24 hr,2025-11-15 16:02:29.576,2025-11-15 16:02:30.099,3.42283,-6.22427238010125
PR_LFP_SelfDischarge_REPT_150_0352_0_100,End of charge,2025-11-14 16:04:12.444,2025-11-14 16:04:12.444,3.650013,0.0
PR_LFP_SelfDischarge_REPT_150_0352_0_100,End + 5 min,2025-11-14 16:09:12.444,2025-11-14 16:09:12.995,3.537375,-3.085961611643575
PR_LFP_SelfDischarge_REPT_150_0352_0_100,End + 1 hr,2025-11-14 17:04:12.444,2025-11-14 17:04:12.791,3.452462,-5.412336887567245
PR_LFP_SelfDischarge_REPT_150_0352_0_100,End + 24 hr,2025-11-15 16:04:12.444,2025-11-15 16:04:12.989,3.399564,-6.86159199980932
PR_LFP_SelfDischarge_REPT_150_0353_0_100,End of charge,2025-11-14 16:01:33.268,2025-11-14 16:01:33.268,3.650016,0.0
PR_LFP_SelfDischarge_REPT_150_0353_0_100,End + 5 min,2025-11-14 16:06:33.268,2025-11-14 16:06:33.845,3.534774,-3.1573012282685844
PR_LFP_SelfDischarge_REPT_150_0353_0_100,End + 1 hr,2025-11-14 17:01:33.268,2025-11-14 17:01:33.495,3.442416,-5.687646300728539
PR_LFP_SelfDischarge_REPT_150_0353_0_100,End + 24 hr,2025-11-15 16:01:33.268,2025-11-15 16:01:33.934,3.373366,-7.579418829944857
PR_LFP_SelfDischarge_REPT_150_0354_0_100,End of charge,2025-11-14 16:04:25.372,2025-11-14 16:04:25.372,3.650015,0.0
PR_LFP_SelfDischarge_REPT_150_0354_0_100,End + 5 min,2025-11-14 16:09:25.372,2025-11-14 16:09:25.937,3.541763,-2.9657960309752096
PR_LFP_SelfDischarge_REPT_150_0354_0_100,End + 1 hr,2025-11-14 17:04:25.372,2025-11-14 17:04:25.702,3.461163,-5.174006134221361
PR_LFP_SelfDischarge_REPT_150_0354_0_100,End + 24 hr,2025-11-15 16:04:25.372,2025-11-15 16:04:26.185,3.392746,-7.048436787246079
PR_LFP_SelfDischarge_REPT_150_0355_0_100,End of charge,2025-11-14 16:01:16.438,2025-11-14 16:01:16.438,3.650018,0.0
PR_LFP_SelfDischarge_REPT_150_0355_0_100,End + 5 min,2025-11-14 16:06:16.438,2025-11-14 16:06:16.920,3.532212,-3.2275457271717642
PR_LFP_SelfDischarge_REPT_150_0355_0_100,End + 1 hr,2025-11-14 17:01:16.438,2025-11-14 17:01:16.558,3.439053,-5.779834510405162
PR_LFP_SelfDischarge_REPT_150_0355_0_100,End + 24 hr,2025-11-15 16:01:16.438,2025-11-15 16:01:17.216,3.375445,-7.522510847891714
PR_LFP_SelfDischarge_REPT_150_0356_0_100,End of charge,2025-11-14 16:01:38.732,2025-11-14 16:01:38.732,3.650014,0.0
PR_LFP_SelfDischarge_REPT_150_0356_0_100,End + 5 min,2025-11-14 16:06:38.732,2025-11-14 16:06:38.835,3.53755,-3.0811936611750013
PR_LFP_SelfDischarge_REPT_150_0356_0_100,End + 1 hr,2025-11-14 17:01:38.732,2025-11-14 17:01:38.976,3.460939,-5.180117117358998
PR_LFP_SelfDischarge_REPT_150_0356_0_100,End + 24 hr,2025-11-15 16:01:38.732,2025-11-15 16:01:39.028,3.409666,-6.584851455364281
PR_LFP_SelfDischarge_REPT_150_0357_0_100,End of charge,2025-11-14 16:04:34.989,2025-11-14 16:04:34.989,3.65002,0.0
PR_LFP_SelfDischarge_REPT_150_0357_0_100,End + 5 min,2025-11-14 16:09:34.989,2025-11-14 16:09:35.609,3.537335,-3.0872433575706415
PR_LFP_SelfDischarge_REPT_150_0357_0_100,End + 1 hr,2025-11-14 17:04:34.989,2025-11-14 17:04:35.424,3.448769,-5.513695815365397
PR_LFP_SelfDischarge_REPT_150_0357_0_100,End + 24 hr,2025-11-15 16:04:34.989,2025-11-15 16:04:35.323,3.38789,-7.181604484358989
PR_LFP_SelfDischarge_REPT_150_0358_0_100,End of charge,2025-11-14 16:01:05.070,2025-11-14 16:01:05.070,3.650012,0.0
PR_LFP_SelfDischarge_REPT_150_0358_0_100,End + 5 min,2025-11-14 16:06:05.070,2025-11-14 16:06:05.548,3.539249,-3.0345927629826956
PR_LFP_SelfDischarge_REPT_150_0358_0_100,End + 1 hr,2025-11-14 17:01:05.070,2025-11-14 17:01:05.241,3.457402,-5.276968952430834
PR_LFP_SelfDischarge_REPT_150_0358_0_100,End + 24 hr,2025-11-15 16:01:05.070,2025-11-15 16:01:05.835,3.398538,-6.889675979147465
PR_LFP_SelfDischarge_REPT_150_0359_0_100,End of charge,2025-11-14 16:00:38.642,2025-11-14 16:00:38.642,3.650016,0.0
PR_LFP_SelfDischarge_REPT_150_0359_0_100,End + 5 min,2025-11-14 16:05:38.642,2025-11-14 16:05:39.305,3.541781,-2.965329467048914
PR_LFP_SelfDischarge_REPT_150_0359_0_100,End + 1 hr,2025-11-14 17:00:38.642,2025-11-14 17:00:39.570,3.461116,-5.175319779420141
PR_LFP_SelfDischarge_REPT_150_0359_0_100,End + 24 hr,2025-11-15 16:00:38.642,2025-11-15 16:00:38.969,3.403227,-6.761312827121858
PR_LFP_SelfDischarge_REPT_150_0360_0_100,End of charge,2025-11-14 16:06:26.969,2025-11-14 16:06:26.969,3.65002,0.0
PR_LFP_SelfDischarge_REPT_150_0360_0_100,End + 5 min,2025-11-14 16:11:26.969,2025-11-14 16:11:27.517,3.535659,-3.133160914186776
PR_LFP_SelfDischarge_REPT_150_0360_0_100,End + 1 hr,2025-11-14 17:06:26.969,2025-11-14 17:06:27.744,3.453204,-5.3921896318376366
PR_LFP_SelfDischarge_REPT_150_0360_0_100,End + 24 hr,2025-11-15 16:06:26.969,2025-11-15 16:06:27.328,3.39469,-6.995304135319802
PR_LFP_SelfDischarge_REPT_150_0361_0_100,End of charge,2025-11-14 16:03:15.923,2025-11-14 16:03:15.923,3.650025,0.0
PR_LFP_SelfDischarge_REPT_150_0361_0_100,End + 5 min,2025-11-14 16:08:15.923,2025-11-14 16:08:16.193,3.544789,-2.883158334531946
PR_LFP_SelfDischarge_REPT_150_0361_0_100,End + 1 hr,2025-11-14 17:03:15.923,2025-11-14 17:03:16.088,3.482015,-4.602982171354984
PR_LFP_SelfDischarge_REPT_150_0361_0_100,End + 24 hr,2025-11-15 16:03:15.923,2025-11-15 16:03:16.784,3.441658,-5.7086458311929364
PR_LFP_SelfDischarge_REPT_150_0362_0_100,End of charge,2025-11-14 16:00:58.865,2025-11-14 16:00:58.865,3.650018,0.0
PR_LFP_SelfDischarge_REPT_150_0362_0_100,End + 5 min,2025-11-14 16:05:58.865,2025-11-14 16:05:59.301,3.539356,-3.031820664993982
PR_LFP_SelfDischarge_REPT_150_0362_0_100,End + 1 hr,2025-11-14 17:00:58.865,2025-11-14 17:00:58.979,3.455455,-5.330466863451085
PR_LFP_SelfDischarge_REPT_150_0362_0_100,End + 24 hr,2025-11-15 16:00:58.865,2025-11-15 16:00:59.172,3.395187,-6.981636802887007
PR_LFP_SelfDischarge_REPT_150_0363_0_100,End of charge,2025-11-14 16:02:41.863,2025-11-14 16:02:41.863,3.650023,0.0
PR_LFP_SelfDischarge_REPT_150_0363_0_100,End + 5 min,2025-11-14 16:07:41.863,2025-11-14 16:07:42.065,3.542949,-2.9335157614075276
PR_LFP_SelfDischarge_REPT_150_0363_0_100,End + 1 hr,2025-11-14 17:02:41.863,2025-11-14 17:02:41.957,3.477395,-4.729504444218571
PR_LFP_SelfDischarge_REPT_150_0363_0_100,End + 24 hr,2025-11-15 16:02:41.863,2025-11-15 16:02:42.591,3.437803,-5.814209937855182
PR_LFP_SelfDischarge_REPT_150_0364_0_100,End of charge,2025-11-14 16:04:03.201,2025-11-14 16:04:03.201,3.650018,0.0
PR_LFP_SelfDischarge_REPT_150_0364_0_100,End + 5 min,2025-11-14 16:09:03.201,2025-11-14 16:09:03.736,3.535767,-3.13014894721068
PR_LFP_SelfDischarge_REPT_150_0364_0_100,End + 1 hr,2025-11-14 17:04:03.201,2025-11-14 17:04:03.589,3.438013,-5.8083275205766105
PR_LFP_SelfDischarge_REPT_150_0364_0_100,End + 24 hr,2025-11-15 16:04:03.201,2025-11-15 16:04:03.717,3.370451,-7.659332090965034
PR_LFP_SelfDischarge_REPT_150_0365_0_100,End of charge,2025-11-14 16:00:38.977,2025-11-14 16:00:38.977,3.650016,0.0
PR_LFP_SelfDischarge_REPT_150_0365_0_100,End + 5 min,2025-11-14 16:05:38.977,2025-11-14 16:05:39.628,3.537302,-3.0880412579013345
PR_LFP_SelfDischarge_REPT_150_0365_0_100,End + 1 hr,2025-11-14 17:00:38.977,2025-11-14 17:00:39.875,3.439482,-5.7680295100076275
PR_LFP_SelfDischarge_REPT_150_0365_0_100,End + 24 hr,2025-11-15 16:00:38.977,2025-11-15 16:00:39.683,3.373246,-7.582706486766084
PR_LFP_SelfDischarge_REPT_150_0366_0_100,End of charge,2025-11-14 16:03:31.833,2025-11-14 16:03:31.833,3.650015,0.0
PR_LFP_SelfDischarge_REPT_150_0366_0_100,End + 5 min,2025-11-14 16:08:31.833,2025-11-14 16:08:32.478,3.540112,-3.0110287217997636
PR_LFP_SelfDischarge_REPT_150_0366_0_100,End + 1 hr,2025-11-14 17:03:31.833,2025-11-14 17:03:32.358,3.463312,-5.115129663850686
PR_LFP_SelfDischarge_REPT_150_0366_0_100,End + 24 hr,2025-11-15 16:03:31.833,2025-11-15 16:03:32.007,3.409362,-6.593205781346105
PR_LFP_SelfDischarge_REPT_150_0367_0_100,End of charge,2025-11-14 16:06:12.867,2025-11-14 16:06:12.867,3.650015,0.0
PR_LFP_SelfDischarge_REPT_150_0367_0_100,End + 5 min,2025-11-14 16:11:12.867,2025-11-14 16:11:13.415,3.533309,-3.197411517486908
PR_LFP_SelfDischarge_REPT_150_0367_0_100,End + 1 hr,2025-11-14 17:06:12.867,2025-11-14 17:06:13.643,3.437553,-5.820852791015926
PR_LFP_SelfDischarge_REPT_150_0367_0_100,End + 24 hr,2025-11-15 16:06:12.867,2025-11-15 16:06:12.909,3.377833,-7.457010450641982
PR_LFP_SelfDischarge_REPT_150_0368_0_100,End of charge,2025-11-14 16:00:18.766,2025-11-14 16:00:18.766,3.65002,0.0
PR_LFP_SelfDischarge_REPT_150_0368_0_100,End + 5 min,2025-11-14 16:05:18.766,2025-11-14 16:05:19.380,3.539952,-3.015545120300712
PR_LFP_SelfDischarge_REPT_150_0368_0_100,End + 1 hr,2025-11-14 17:00:18.766,2025-11-14 17:00:19.502,3.467093,-5.011671168925097
PR_LFP_SelfDischarge_REPT_150_0368_0_100,End + 24 hr,2025-11-15 16:00:18.766,2025-11-15 16:00:19.248,3.418158,-6.352348754253402
PR_LFP_SelfDischarge_REPT_150_0369_0_100,End of charge,2025-11-14 16:03:36.436,2025-11-14 16:03:36.436,3.650017,0.0
PR_LFP_SelfDischarge_REPT_150_0369_0_100,End + 5 min,2025-11-14 16:08:36.436,2025-11-14 16:08:36.987,3.540468,-3.0013284869632084
PR_LFP_SelfDischarge_REPT_150_0369_0_100,End + 1 hr,2025-11-14 17:03:36.436,2025-11-14 17:03:36.894,3.45132,-5.443728070307621
PR_LFP_SelfDischarge_REPT_150_0369_0_100,End + 24 hr,2025-11-15 16:03:36.436,2025-11-15 16:03:36.515,3.392198,-7.0635013480759135
PR_LFP_SelfDischarge_REPT_150_0370_0_100,End of charge,2025-11-14 16:09:55.733,2025-11-14 16:09:55.733,3.65002,0.0
PR_LFP_SelfDischarge_REPT_150_0370_0_100,End + 5 min,2025-11-14 16:14:55.733,2025-11-14 16:14:56.657,3.527862,-3.3467761820483237
PR_LFP_SelfDischarge_REPT_150_0370_0_100,End + 1 hr,2025-11-14 17:09:55.733,2025-11-14 17:09:55.980,3.418348,-6.347143303324368
PR_LFP_SelfDischarge_REPT_150_0370_0_100,End + 24 hr,2025-11-15 16:09:55.733,2025-11-15 16:09:56.255,3.355873,-8.058777760121867
PR_LFP_SelfDischarge_REPT_150_0371_0_100,End of charge,2025-11-14 16:01:00.554,2025-11-14 16:01:00.554,3.650023,0.0
PR_LFP_SelfDischarge_REPT_150_0371_0_100,End + 5 min,2025-11-14 16:06:00.554,2025-11-14 16:06:01.002,3.53769,-3.077597045278893
PR_LFP_SelfDischarge_REPT_150_0371_0_100,End + 1 hr,2025-11-14 17:01:00.554,2025-11-14 17:01:00.666,3.453819,-5.3754181822963805
PR_LFP_SelfDischarge_REPT_150_0371_0_100,End + 24 hr,2025-11-15 16:01:00.554,2025-11-15 16:01:00.580,3.390843,-7.100777173184941
