,cell_id,cycle_no,abs_max_capacity_cc_dchg,cell_suffix,DCIR_Discharge_mOhm,DCIR_Charge_mOhm,cluster
0,C_LFP_REPT_1_150_0001,1,151.684,0001,1.027,0.888,0.0
1,C_LFP_REPT_1_150_0001,2,151.653,0001,1.027,0.888,0.0
2,C_LFP_REPT_1_150_0001,3,151.632,0001,1.027,0.888,0.0
3,C_LFP_REPT_1_150_0001,4,151.606,0001,1.027,0.888,0.0
4,C_LFP_REPT_1_150_0001,5,151.569,0001,1.027,0.888,0.0
5,C_LFP_REPT_1_150_0002,1,151.381,0002,,,
6,C_LFP_REPT_1_150_0002,2,151.361,0002,,,
7,C_LFP_REPT_1_150_0002,3,151.342,0002,,,
8,C_LFP_REPT_1_150_0002,4,151.317,0002,,,
9,C_LFP_REPT_1_150_0002,5,151.288,0002,,,
10,C_LFP_REPT_1_150_0003,1,152.511,0003,0.942,0.811,0.0
11,C_LFP_REPT_1_150_0003,2,152.504,0003,0.942,0.811,0.0
12,C_LFP_REPT_1_150_0003,3,152.505,0003,0.942,0.811,0.0
13,C_LFP_REPT_1_150_0003,4,152.5,0003,0.942,0.811,0.0
14,C_LFP_REPT_1_150_0003,5,152.485,0003,0.942,0.811,0.0
15,C_LFP_REPT_1_150_0004,1,153.544,0004,0.933,0.802,0.0
16,C_LFP_REPT_1_150_0004,2,153.502,0004,0.933,0.802,0.0
17,C_LFP_REPT_1_150_0004,3,153.476,0004,0.933,0.802,0.0
18,C_LFP_REPT_1_150_0004,4,153.427,0004,0.933,0.802,0.0
19,C_LFP_REPT_1_150_0004,5,153.389,0004,0.933,0.802,0.0
20,C_LFP_REPT_1_150_0005,1,151.143,0005,,,
21,C_LFP_REPT_1_150_0005,2,151.097,0005,,,
22,C_LFP_REPT_1_150_0005,3,151.065,0005,,,
23,C_LFP_REPT_1_150_0005,4,151.049,0005,,,
24,C_LFP_REPT_1_150_0005,5,151.014,0005,,,
25,C_LFP_REPT_1_150_0006,1,151.811,0006,,,
26,C_LFP_REPT_1_150_0006,2,151.777,0006,,,
27,C_LFP_REPT_1_150_0006,3,151.747,0006,,,
28,C_LFP_REPT_1_150_0006,4,151.734,0006,,,
29,C_LFP_REPT_1_150_0006,5,151.701,0006,,,
30,C_LFP_REPT_1_150_0007,1,148.166,0007,1.126,0.995,1.0
31,C_LFP_REPT_1_150_0007,2,148.185,0007,1.126,0.995,1.0
32,C_LFP_REPT_1_150_0007,3,148.165,0007,1.126,0.995,1.0
33,C_LFP_REPT_1_150_0007,4,148.152,0007,1.126,0.995,1.0
34,C_LFP_REPT_1_150_0007,5,148.17,0007,1.126,0.995,1.0
35,C_LFP_REPT_1_150_0008,1,152.796,0008,,,
36,C_LFP_REPT_1_150_0008,2,152.779,0008,,,
37,C_LFP_REPT_1_150_0008,3,152.732,0008,,,
38,C_LFP_REPT_1_150_0008,4,152.702,0008,,,
39,C_LFP_REPT_1_150_0008,5,152.66,0008,,,
40,C_LFP_REPT_1_150_0009,1,152.594,0009,,,
41,C_LFP_REPT_1_150_0009,2,152.583,0009,,,
42,C_LFP_REPT_1_150_0009,3,152.581,0009,,,
43,C_LFP_REPT_1_150_0009,4,152.61,0009,,,
44,C_LFP_REPT_1_150_0009,5,152.589,0009,,,
45,C_LFP_REPT_1_150_0010,1,152.911,0010,,,
46,C_LFP_REPT_1_150_0010,2,152.888,0010,,,
47,C_LFP_REPT_1_150_0010,3,152.844,0010,,,
48,C_LFP_REPT_1_150_0010,4,152.846,0010,,,
49,C_LFP_REPT_1_150_0010,5,152.815,0010,,,
50,C_LFP_REPT_1_150_0011,1,153.285,0011,0.936,0.798,0.0
51,C_LFP_REPT_1_150_0011,2,153.243,0011,0.936,0.798,0.0
52,C_LFP_REPT_1_150_0011,3,153.197,0011,0.936,0.798,0.0
53,C_LFP_REPT_1_150_0011,4,153.204,0011,0.936,0.798,0.0
54,C_LFP_REPT_1_150_0011,5,153.182,0011,0.936,0.798,0.0
55,C_LFP_REPT_1_150_0012,1,148.781,0012,0.909,0.782,0.0
56,C_LFP_REPT_1_150_0012,2,148.791,0012,0.909,0.782,0.0
57,C_LFP_REPT_1_150_0012,3,148.787,0012,0.909,0.782,0.0
58,C_LFP_REPT_1_150_0012,4,148.792,0012,0.909,0.782,0.0
59,C_LFP_REPT_1_150_0012,5,148.783,0012,0.909,0.782,0.0
60,C_LFP_REPT_1_150_0013,1,151.824,0013,,,
61,C_LFP_REPT_1_150_0013,2,151.834,0013,,,
62,C_LFP_REPT_1_150_0013,3,151.831,0013,,,
63,C_LFP_REPT_1_150_0013,4,151.874,0013,,,
64,C_LFP_REPT_1_150_0013,5,151.868,0013,,,
65,C_LFP_REPT_1_150_0014,1,152.055,0014,,,
66,C_LFP_REPT_1_150_0014,2,152.065,0014,,,
67,C_LFP_REPT_1_150_0014,3,152.062,0014,,,
68,C_LFP_REPT_1_150_0014,4,152.115,0014,,,
69,C_LFP_REPT_1_150_0014,5,152.121,0014,,,
70,C_LFP_REPT_1_150_0015,1,152.819,0015,,,
71,C_LFP_REPT_1_150_0015,2,152.767,0015,,,
72,C_LFP_REPT_1_150_0015,3,152.725,0015,,,
73,C_LFP_REPT_1_150_0015,4,152.705,0015,,,
74,C_LFP_REPT_1_150_0015,5,152.671,0015,,,
75,C_LFP_REPT_1_150_0016,1,151.639,0016,,,
76,C_LFP_REPT_1_150_0016,2,151.613,0016,,,
77,C_LFP_REPT_1_150_0016,3,151.574,0016,,,
78,C_LFP_REPT_1_150_0016,4,151.557,0016,,,
79,C_LFP_REPT_1_150_0016,5,151.537,0016,,,
80,C_LFP_REPT_1_150_0017,1,153.106,0017,,,
81,C_LFP_REPT_1_150_0017,2,153.03,0017,,,
82,C_LFP_REPT_1_150_0017,3,152.985,0017,,,
83,C_LFP_REPT_1_150_0017,4,152.935,0017,,,
84,C_LFP_REPT_1_150_0017,5,152.899,0017,,,
85,C_LFP_REPT_1_150_0018,1,152.866,0018,,,
86,C_LFP_REPT_1_150_0018,2,152.8,0018,,,
87,C_LFP_REPT_1_150_0018,3,152.759,0018,,,
88,C_LFP_REPT_1_150_0018,4,152.697,0018,,,
89,C_LFP_REPT_1_150_0018,5,152.696,0018,,,
90,C_LFP_REPT_1_150_0019,1,152.161,0019,,,
91,C_LFP_REPT_1_150_0019,2,152.114,0019,,,
92,C_LFP_REPT_1_150_0019,3,152.109,0019,,,
93,C_LFP_REPT_1_150_0019,4,152.054,0019,,,
94,C_LFP_REPT_1_150_0019,5,152.033,0019,,,
95,C_LFP_REPT_1_150_0020,1,152.553,0020,,,
96,C_LFP_REPT_1_150_0020,2,152.514,0020,,,
97,C_LFP_REPT_1_150_0020,3,152.525,0020,,,
98,C_LFP_REPT_1_150_0020,4,152.468,0020,,,
99,C_LFP_REPT_1_150_0020,5,152.445,0020,,,
100,C_LFP_REPT_1_150_0021,1,152.453,0021,,,
101,C_LFP_REPT_1_150_0021,2,152.409,0021,,,
102,C_LFP_REPT_1_150_0021,3,152.386,0021,,,
103,C_LFP_REPT_1_150_0021,4,152.356,0021,,,
104,C_LFP_REPT_1_150_0021,5,152.33,0021,,,
105,C_LFP_REPT_1_150_0022,1,152.805,0022,,,
106,C_LFP_REPT_1_150_0022,2,152.766,0022,,,
107,C_LFP_REPT_1_150_0022,3,152.738,0022,,,
108,C_LFP_REPT_1_150_0022,4,152.704,0022,,,
109,C_LFP_REPT_1_150_0022,5,152.68,0022,,,
110,C_LFP_REPT_1_150_0023,1,150.793,0023,,,
111,C_LFP_REPT_1_150_0023,2,151.506,0023,,,
112,C_LFP_REPT_1_150_0023,3,151.916,0023,,,
113,C_LFP_REPT_1_150_0023,4,152.092,0023,,,
114,C_LFP_REPT_1_150_0023,5,152.203,0023,,,
115,C_LFP_REPT_1_150_0024,1,150.918,0024,,,
116,C_LFP_REPT_1_150_0024,2,151.883,0024,,,
117,C_LFP_REPT_1_150_0024,3,152.458,0024,,,
118,C_LFP_REPT_1_150_0024,4,152.705,0024,,,
119,C_LFP_REPT_1_150_0024,5,152.82,0024,,,
120,C_LFP_REPT_1_150_0025,1,148.372,0025,1.023,0.895,0.0
121,C_LFP_REPT_1_150_0025,2,148.913,0025,1.023,0.895,0.0
122,C_LFP_REPT_1_150_0025,3,149.244,0025,1.023,0.895,0.0
123,C_LFP_REPT_1_150_0025,4,149.463,0025,1.023,0.895,0.0
124,C_LFP_REPT_1_150_0025,5,149.594,0025,1.023,0.895,0.0
125,C_LFP_REPT_1_150_0026,1,152.377,0026,,,
126,C_LFP_REPT_1_150_0026,2,152.458,0026,,,
127,C_LFP_REPT_1_150_0026,3,152.475,0026,,,
128,C_LFP_REPT_1_150_0026,4,152.481,0026,,,
129,C_LFP_REPT_1_150_0026,5,152.466,0026,,,
130,C_LFP_REPT_1_150_0027,1,151.823,0027,,,
131,C_LFP_REPT_1_150_0027,2,152.456,0027,,,
132,C_LFP_REPT_1_150_0027,3,152.838,0027,,,
133,C_LFP_REPT_1_150_0027,4,153.052,0027,,,
134,C_LFP_REPT_1_150_0027,5,153.214,0027,,,
135,C_LFP_REPT_1_150_0028,1,148.827,0028,,,
136,C_LFP_REPT_1_150_0028,2,149.086,0028,,,
137,C_LFP_REPT_1_150_0028,3,149.266,0028,,,
138,C_LFP_REPT_1_150_0028,4,149.372,0028,,,
139,C_LFP_REPT_1_150_0028,5,149.439,0028,,,
140,C_LFP_REPT_1_150_0029,1,149.288,0029,,,
141,C_LFP_REPT_1_150_0029,2,149.503,0029,,,
142,C_LFP_REPT_1_150_0029,3,149.627,0029,,,
143,C_LFP_REPT_1_150_0029,4,149.713,0029,,,
144,C_LFP_REPT_1_150_0029,5,149.775,0029,,,
145,C_LFP_REPT_1_150_0030,1,152.288,0030,,,
146,C_LFP_REPT_1_150_0030,2,152.402,0030,,,
147,C_LFP_REPT_1_150_0030,3,152.437,0030,,,
148,C_LFP_REPT_1_150_0030,4,152.471,0030,,,
149,C_LFP_REPT_1_150_0030,5,152.464,0030,,,
150,C_LFP_REPT_1_150_0031,1,150.747,0031,,,
151,C_LFP_REPT_1_150_0031,2,151.05,0031,,,
152,C_LFP_REPT_1_150_0031,3,151.2,0031,,,
153,C_LFP_REPT_1_150_0031,4,151.281,0031,,,
154,C_LFP_REPT_1_150_0031,5,151.331,0031,,,
155,C_LFP_REPT_1_150_0032,1,151.54,0032,,,
156,C_LFP_REPT_1_150_0032,2,151.58,0032,,,
157,C_LFP_REPT_1_150_0032,3,151.55,0032,,,
158,C_LFP_REPT_1_150_0032,4,151.517,0032,,,
159,C_LFP_REPT_1_150_0032,5,151.489,0032,,,
160,C_LFP_REPT_1_150_0033,1,150.389,0033,,,
161,C_LFP_REPT_1_150_0033,2,150.66,0033,,,
162,C_LFP_REPT_1_150_0033,3,150.798,0033,,,
163,C_LFP_REPT_1_150_0033,4,150.876,0033,,,
164,C_LFP_REPT_1_150_0033,5,150.919,0033,,,
165,C_LFP_REPT_1_150_0034,1,150.081,0034,1.137,1.01,1.0
166,C_LFP_REPT_1_150_0034,2,150.346,0034,1.137,1.01,1.0
167,C_LFP_REPT_1_150_0034,3,150.471,0034,1.137,1.01,1.0
168,C_LFP_REPT_1_150_0034,4,150.497,0034,1.137,1.01,1.0
169,C_LFP_REPT_1_150_0034,5,150.509,0034,1.137,1.01,1.0
170,C_LFP_REPT_1_150_0035,1,152.036,0035,,,
171,C_LFP_REPT_1_150_0035,2,152.432,0035,,,
172,C_LFP_REPT_1_150_0035,3,152.712,0035,,,
173,C_LFP_REPT_1_150_0035,4,152.864,0035,,,
174,C_LFP_REPT_1_150_0035,5,152.927,0035,,,
175,C_LFP_REPT_1_150_0036,1,151.393,0036,,,
176,C_LFP_REPT_1_150_0036,2,151.659,0036,,,
177,C_LFP_REPT_1_150_0036,3,152.034,0036,,,
178,C_LFP_REPT_1_150_0036,4,152.193,0036,,,
179,C_LFP_REPT_1_150_0036,5,152.167,0036,,,
180,C_LFP_REPT_1_150_0037,1,151.108,0037,,,
181,C_LFP_REPT_1_150_0037,2,151.497,0037,,,
182,C_LFP_REPT_1_150_0037,3,151.691,0037,,,
183,C_LFP_REPT_1_150_0037,4,151.709,0037,,,
184,C_LFP_REPT_1_150_0037,5,151.776,0037,,,
185,C_LFP_REPT_1_150_0038,1,149.465,0038,,,
186,C_LFP_REPT_1_150_0038,2,149.943,0038,,,
187,C_LFP_REPT_1_150_0038,3,150.155,0038,,,
188,C_LFP_REPT_1_150_0038,4,150.335,0038,,,
189,C_LFP_REPT_1_150_0038,5,150.402,0038,,,
190,C_LFP_REPT_1_150_0039,1,151.172,0039,,,
191,C_LFP_REPT_1_150_0039,2,151.318,0039,,,
192,C_LFP_REPT_1_150_0039,3,151.276,0039,,,
193,C_LFP_REPT_1_150_0039,4,151.308,0039,,,
194,C_LFP_REPT_1_150_0039,5,151.27,0039,,,
195,C_LFP_REPT_1_150_0040,1,152.809,0040,1.057,0.918,1.0
196,C_LFP_REPT_1_150_0040,2,153.111,0040,1.057,0.918,1.0
197,C_LFP_REPT_1_150_0040,3,153.213,0040,1.057,0.918,1.0
198,C_LFP_REPT_1_150_0040,4,153.295,0040,1.057,0.918,1.0
199,C_LFP_REPT_1_150_0040,5,153.306,0040,1.057,0.918,1.0
200,C_LFP_REPT_1_150_0041,1,149.69,0041,,,
201,C_LFP_REPT_1_150_0041,2,150.274,0041,,,
202,C_LFP_REPT_1_150_0041,3,150.615,0041,,,
203,C_LFP_REPT_1_150_0041,4,150.857,0041,,,
204,C_LFP_REPT_1_150_0041,5,150.959,0041,,,
205,C_LFP_REPT_1_150_0042,1,148.75,0042,,,
206,C_LFP_REPT_1_150_0042,2,149.161,0042,,,
207,C_LFP_REPT_1_150_0042,3,149.372,0042,,,
208,C_LFP_REPT_1_150_0042,4,149.549,0042,,,
209,C_LFP_REPT_1_150_0042,5,149.646,0042,,,
210,C_LFP_REPT_1_150_0043,1,152.661,0043,1.015,0.878,0.0
211,C_LFP_REPT_1_150_0043,2,153.437,0043,1.015,0.878,0.0
212,C_LFP_REPT_1_150_0043,3,153.857,0043,1.015,0.878,0.0
213,C_LFP_REPT_1_150_0043,4,154.121,0043,1.015,0.878,0.0
214,C_LFP_REPT_1_150_0043,5,154.23,0043,1.015,0.878,0.0
215,C_LFP_REPT_1_150_0044,1,148.265,0044,,,
216,C_LFP_REPT_1_150_0044,2,148.791,0044,,,
217,C_LFP_REPT_1_150_0044,3,149.089,0044,,,
218,C_LFP_REPT_1_150_0044,4,149.265,0044,,,
219,C_LFP_REPT_1_150_0044,5,149.35,0044,,,
220,C_LFP_REPT_1_150_0045,1,152.014,0045,,,
221,C_LFP_REPT_1_150_0045,2,152.159,0045,,,
222,C_LFP_REPT_1_150_0045,3,152.188,0045,,,
223,C_LFP_REPT_1_150_0045,4,152.221,0045,,,
224,C_LFP_REPT_1_150_0045,5,152.201,0045,,,
225,C_LFP_REPT_1_150_0046,1,151.905,0046,0.895,0.761,0.0
226,C_LFP_REPT_1_150_0046,2,152.699,0046,0.895,0.761,0.0
227,C_LFP_REPT_1_150_0046,3,153.187,0046,0.895,0.761,0.0
228,C_LFP_REPT_1_150_0046,4,153.492,0046,0.895,0.761,0.0
229,C_LFP_REPT_1_150_0046,5,153.734,0046,0.895,0.761,0.0
230,C_LFP_REPT_1_150_0047,1,152.251,0047,,,
231,C_LFP_REPT_1_150_0047,2,152.467,0047,,,
232,C_LFP_REPT_1_150_0047,3,152.578,0047,,,
233,C_LFP_REPT_1_150_0047,4,152.682,0047,,,
234,C_LFP_REPT_1_150_0047,5,152.685,0047,,,
235,C_LFP_REPT_1_150_0048,1,152.129,0048,,,
236,C_LFP_REPT_1_150_0048,2,152.532,0048,,,
237,C_LFP_REPT_1_150_0048,3,152.797,0048,,,
238,C_LFP_REPT_1_150_0048,4,152.986,0048,,,
239,C_LFP_REPT_1_150_0048,5,153.048,0048,,,
240,C_LFP_REPT_1_150_0049,1,147.93,0049,1.089,0.961,1.0
241,C_LFP_REPT_1_150_0049,2,148.219,0049,1.089,0.961,1.0
242,C_LFP_REPT_1_150_0049,3,148.411,0049,1.089,0.961,1.0
243,C_LFP_REPT_1_150_0049,4,148.523,0049,1.089,0.961,1.0
244,C_LFP_REPT_1_150_0049,5,148.555,0049,1.089,0.961,1.0
245,C_LFP_REPT_1_150_0050,1,146.305,0050,0.974,0.848,0.0
246,C_LFP_REPT_1_150_0050,2,146.396,0050,0.974,0.848,0.0
247,C_LFP_REPT_1_150_0050,3,146.467,0050,0.974,0.848,0.0
248,C_LFP_REPT_1_150_0050,4,146.553,0050,0.974,0.848,0.0
249,C_LFP_REPT_1_150_0050,5,146.552,0050,0.974,0.848,0.0
250,C_LFP_REPT_1_150_0051,1,151.761,0051,,,
251,C_LFP_REPT_1_150_0051,2,151.769,0051,,,
252,C_LFP_REPT_1_150_0051,3,151.734,0051,,,
253,C_LFP_REPT_1_150_0051,4,151.727,0051,,,
254,C_LFP_REPT_1_150_0051,5,151.664,0051,,,
255,C_LFP_REPT_1_150_0052,1,150.847,0052,,,
256,C_LFP_REPT_1_150_0052,2,150.738,0052,,,
257,C_LFP_REPT_1_150_0052,3,150.679,0052,,,
258,C_LFP_REPT_1_150_0052,4,150.728,0052,,,
259,C_LFP_REPT_1_150_0052,5,150.754,0052,,,
260,C_LFP_REPT_1_150_0053,1,148.776,0053,,,
261,C_LFP_REPT_1_150_0053,2,149.198,0053,,,
262,C_LFP_REPT_1_150_0053,3,149.395,0053,,,
263,C_LFP_REPT_1_150_0053,4,149.607,0053,,,
264,C_LFP_REPT_1_150_0053,5,149.694,0053,,,
265,C_LFP_REPT_1_150_0054,1,148.262,0054,,,
266,C_LFP_REPT_1_150_0054,2,148.754,0054,,,
267,C_LFP_REPT_1_150_0054,3,148.96,0054,,,
268,C_LFP_REPT_1_150_0054,4,149.229,0054,,,
269,C_LFP_REPT_1_150_0054,5,149.327,0054,,,
270,C_LFP_REPT_1_150_0055,1,151.327,0055,,,
271,C_LFP_REPT_1_150_0055,2,151.633,0055,,,
272,C_LFP_REPT_1_150_0055,3,151.703,0055,,,
273,C_LFP_REPT_1_150_0055,4,151.792,0055,,,
274,C_LFP_REPT_1_150_0055,5,151.818,0055,,,
275,C_LFP_REPT_1_150_0056,1,152.555,0056,0.906,0.775,0.0
276,C_LFP_REPT_1_150_0056,2,152.84,0056,0.906,0.775,0.0
277,C_LFP_REPT_1_150_0056,3,152.941,0056,0.906,0.775,0.0
278,C_LFP_REPT_1_150_0056,4,153.003,0056,0.906,0.775,0.0
279,C_LFP_REPT_1_150_0056,5,153.002,0056,0.906,0.775,0.0
280,C_LFP_REPT_1_150_0057,1,145.129,0057,0.984,0.847,0.0
281,C_LFP_REPT_1_150_0057,2,145.429,0057,0.984,0.847,0.0
282,C_LFP_REPT_1_150_0057,3,145.617,0057,0.984,0.847,0.0
283,C_LFP_REPT_1_150_0057,4,145.756,0057,0.984,0.847,0.0
284,C_LFP_REPT_1_150_0057,5,145.869,0057,0.984,0.847,0.0
285,C_LFP_REPT_1_150_0058,1,148.704,0058,,,
286,C_LFP_REPT_1_150_0058,2,149.273,0058,,,
287,C_LFP_REPT_1_150_0058,3,149.589,0058,,,
288,C_LFP_REPT_1_150_0058,4,149.819,0058,,,
289,C_LFP_REPT_1_150_0058,5,149.985,0058,,,
290,C_LFP_REPT_1_150_0059,1,151.701,0059,,,
291,C_LFP_REPT_1_150_0059,2,151.944,0059,,,
292,C_LFP_REPT_1_150_0059,3,152.043,0059,,,
293,C_LFP_REPT_1_150_0059,4,152.138,0059,,,
294,C_LFP_REPT_1_150_0059,5,152.139,0059,,,
295,C_LFP_REPT_1_150_0060,1,149.725,0060,,,
296,C_LFP_REPT_1_150_0060,2,150.154,0060,,,
297,C_LFP_REPT_1_150_0060,3,150.37,0060,,,
298,C_LFP_REPT_1_150_0060,4,150.526,0060,,,
299,C_LFP_REPT_1_150_0060,5,150.614,0060,,,
300,C_LFP_REPT_1_150_0061,1,149.313,0061,,,
301,C_LFP_REPT_1_150_0061,2,150.189,0061,,,
302,C_LFP_REPT_1_150_0061,3,150.697,0061,,,
303,C_LFP_REPT_1_150_0061,4,151.006,0061,,,
304,C_LFP_REPT_1_150_0061,5,151.186,0061,,,
305,C_LFP_REPT_1_150_0062,1,151.702,0062,,,
306,C_LFP_REPT_1_150_0062,2,152.454,0062,,,
307,C_LFP_REPT_1_150_0062,3,152.876,0062,,,
308,C_LFP_REPT_1_150_0062,4,153.12,0062,,,
309,C_LFP_REPT_1_150_0062,5,153.322,0062,,,
310,C_LFP_REPT_1_150_0063,1,150.813,0063,,,
311,C_LFP_REPT_1_150_0063,2,151.127,0063,,,
312,C_LFP_REPT_1_150_0063,3,151.293,0063,,,
313,C_LFP_REPT_1_150_0063,4,151.4,0063,,,
314,C_LFP_REPT_1_150_0063,5,151.42,0063,,,
315,C_LFP_REPT_1_150_0064,1,150.329,0064,,,
316,C_LFP_REPT_1_150_0064,2,150.681,0064,,,
317,C_LFP_REPT_1_150_0064,3,150.863,0064,,,
318,C_LFP_REPT_1_150_0064,4,150.99,0064,,,
319,C_LFP_REPT_1_150_0064,5,151.057,0064,,,
320,C_LFP_REPT_1_150_0065,1,152.15,0065,1.007,0.866,0.0
321,C_LFP_REPT_1_150_0065,2,152.872,0065,1.007,0.866,0.0
322,C_LFP_REPT_1_150_0065,3,153.333,0065,1.007,0.866,0.0
323,C_LFP_REPT_1_150_0065,4,153.546,0065,1.007,0.866,0.0
324,C_LFP_REPT_1_150_0065,5,153.699,0065,1.007,0.866,0.0
325,C_LFP_REPT_1_150_0066,1,149.583,0066,,,
326,C_LFP_REPT_1_150_0066,2,150.414,0066,,,
327,C_LFP_REPT_1_150_0066,3,150.894,0066,,,
328,C_LFP_REPT_1_150_0066,4,151.108,0066,,,
329,C_LFP_REPT_1_150_0066,5,151.248,0066,,,
330,C_LFP_REPT_1_150_0067,1,152.766,0067,,,
331,C_LFP_REPT_1_150_0067,2,152.859,0067,,,
332,C_LFP_REPT_1_150_0067,3,152.876,0067,,,
333,C_LFP_REPT_1_150_0067,4,152.883,0067,,,
334,C_LFP_REPT_1_150_0067,5,152.852,0067,,,
335,C_LFP_REPT_1_150_0068,1,151.813,0068,,,
336,C_LFP_REPT_1_150_0068,2,151.837,0068,,,
337,C_LFP_REPT_1_150_0068,3,151.819,0068,,,
338,C_LFP_REPT_1_150_0068,4,151.802,0068,,,
339,C_LFP_REPT_1_150_0068,5,151.768,0068,,,
340,C_LFP_REPT_1_150_0069,1,150.428,0069,,,
341,C_LFP_REPT_1_150_0069,2,151.123,0069,,,
342,C_LFP_REPT_1_150_0069,3,151.596,0069,,,
343,C_LFP_REPT_1_150_0069,4,151.762,0069,,,
344,C_LFP_REPT_1_150_0069,5,151.918,0069,,,
345,C_LFP_REPT_1_150_0070,1,150.292,0070,,,
346,C_LFP_REPT_1_150_0070,2,150.618,0070,,,
347,C_LFP_REPT_1_150_0070,3,150.817,0070,,,
348,C_LFP_REPT_1_150_0070,4,150.954,0070,,,
349,C_LFP_REPT_1_150_0070,5,151.027,0070,,,
350,C_LFP_REPT_1_150_0071,1,148.442,0071,,,
351,C_LFP_REPT_1_150_0071,2,148.804,0071,,,
352,C_LFP_REPT_1_150_0071,3,148.997,0071,,,
353,C_LFP_REPT_1_150_0071,4,149.127,0071,,,
354,C_LFP_REPT_1_150_0071,5,149.187,0071,,,
355,C_LFP_REPT_1_150_0072,1,149.407,0072,,,
356,C_LFP_REPT_1_150_0072,2,149.895,0072,,,
357,C_LFP_REPT_1_150_0072,3,150.256,0072,,,
358,C_LFP_REPT_1_150_0072,4,150.466,0072,,,
359,C_LFP_REPT_1_150_0072,5,150.582,0072,,,
360,C_LFP_REPT_1_150_0073,1,151.389,0073,,,
361,C_LFP_REPT_1_150_0073,2,151.505,0073,,,
362,C_LFP_REPT_1_150_0073,3,151.622,0073,,,
363,C_LFP_REPT_1_150_0073,4,151.652,0073,,,
364,C_LFP_REPT_1_150_0073,5,151.657,0073,,,
365,C_LFP_REPT_1_150_0074,1,151.877,0074,0.982,0.838,0.0
366,C_LFP_REPT_1_150_0074,2,152.536,0074,0.982,0.838,0.0
367,C_LFP_REPT_1_150_0074,3,153.049,0074,0.982,0.838,0.0
368,C_LFP_REPT_1_150_0074,4,153.305,0074,0.982,0.838,0.0
369,C_LFP_REPT_1_150_0074,5,153.505,0074,0.982,0.838,0.0
370,C_LFP_REPT_1_150_0075,1,150.01,0075,,,
371,C_LFP_REPT_1_150_0075,2,150.733,0075,,,
372,C_LFP_REPT_1_150_0075,3,151.168,0075,,,
373,C_LFP_REPT_1_150_0075,4,151.368,0075,,,
374,C_LFP_REPT_1_150_0075,5,151.484,0075,,,
375,C_LFP_REPT_1_150_0076,1,149.117,0076,,,
376,C_LFP_REPT_1_150_0076,2,149.965,0076,,,
377,C_LFP_REPT_1_150_0076,3,150.475,0076,,,
378,C_LFP_REPT_1_150_0076,4,150.728,0076,,,
379,C_LFP_REPT_1_150_0076,5,150.93,0076,,,
380,C_LFP_REPT_1_150_0077,1,151.587,0077,,,
381,C_LFP_REPT_1_150_0077,2,152.091,0077,,,
382,C_LFP_REPT_1_150_0077,3,152.405,0077,,,
383,C_LFP_REPT_1_150_0077,4,152.574,0077,,,
384,C_LFP_REPT_1_150_0077,5,152.665,0077,,,
385,C_LFP_REPT_1_150_0078,1,152.104,0078,0.995,0.856,0.0
386,C_LFP_REPT_1_150_0078,2,152.818,0078,0.995,0.856,0.0
387,C_LFP_REPT_1_150_0078,3,153.257,0078,0.995,0.856,0.0
388,C_LFP_REPT_1_150_0078,4,153.452,0078,0.995,0.856,0.0
389,C_LFP_REPT_1_150_0078,5,153.623,0078,0.995,0.856,0.0
390,C_LFP_REPT_1_150_0079,1,150.1,0079,,,
391,C_LFP_REPT_1_150_0079,2,150.871,0079,,,
392,C_LFP_REPT_1_150_0079,3,151.359,0079,,,
393,C_LFP_REPT_1_150_0079,4,151.556,0079,,,
394,C_LFP_REPT_1_150_0079,5,151.694,0079,,,
395,C_LFP_REPT_1_150_0080,1,146.626,0080,0.935,0.801,0.0
396,C_LFP_REPT_1_150_0080,2,147.161,0080,0.935,0.801,0.0
397,C_LFP_REPT_1_150_0080,3,147.506,0080,0.935,0.801,0.0
398,C_LFP_REPT_1_150_0080,4,147.741,0080,0.935,0.801,0.0
399,C_LFP_REPT_1_150_0080,5,147.865,0080,0.935,0.801,0.0
400,C_LFP_REPT_1_150_0081,1,149.886,0081,,,
401,C_LFP_REPT_1_150_0081,2,150.43,0081,,,
402,C_LFP_REPT_1_150_0081,3,150.826,0081,,,
403,C_LFP_REPT_1_150_0081,4,151.098,0081,,,
404,C_LFP_REPT_1_150_0081,5,151.26,0081,,,
405,C_LFP_REPT_1_150_0082,1,149.76,0082,,,
406,C_LFP_REPT_1_150_0082,2,150.132,0082,,,
407,C_LFP_REPT_1_150_0082,3,150.332,0082,,,
408,C_LFP_REPT_1_150_0082,4,150.449,0082,,,
409,C_LFP_REPT_1_150_0082,5,150.475,0082,,,
410,C_LFP_REPT_1_150_0083,1,148.676,0083,,,
411,C_LFP_REPT_1_150_0083,2,149.372,0083,,,
412,C_LFP_REPT_1_150_0083,3,149.772,0083,,,
413,C_LFP_REPT_1_150_0083,4,149.966,0083,,,
414,C_LFP_REPT_1_150_0083,5,150.067,0083,,,
415,C_LFP_REPT_1_150_0084,1,149.165,0084,,,
416,C_LFP_REPT_1_150_0084,2,149.448,0084,,,
417,C_LFP_REPT_1_150_0084,3,149.632,0084,,,
418,C_LFP_REPT_1_150_0084,4,149.74,0084,,,
419,C_LFP_REPT_1_150_0084,5,149.793,0084,,,
420,C_LFP_REPT_1_150_0085,1,151.038,0085,,,
421,C_LFP_REPT_1_150_0085,2,151.332,0085,,,
422,C_LFP_REPT_1_150_0085,3,151.56,0085,,,
423,C_LFP_REPT_1_150_0085,4,151.653,0085,,,
424,C_LFP_REPT_1_150_0085,5,151.743,0085,,,
425,C_LFP_REPT_1_150_0086,1,152.333,0086,,,
426,C_LFP_REPT_1_150_0086,2,152.65,0086,,,
427,C_LFP_REPT_1_150_0086,3,152.816,0086,,,
428,C_LFP_REPT_1_150_0086,4,152.84,0086,,,
429,C_LFP_REPT_1_150_0086,5,152.908,0086,,,
430,C_LFP_REPT_1_150_0087,1,153.75,0087,0.959,0.819,0.0
431,C_LFP_REPT_1_150_0087,2,154.43,0087,0.959,0.819,0.0
432,C_LFP_REPT_1_150_0087,3,154.794,0087,0.959,0.819,0.0
433,C_LFP_REPT_1_150_0087,4,154.954,0087,0.959,0.819,0.0
434,C_LFP_REPT_1_150_0087,5,155.013,0087,0.959,0.819,0.0
435,C_LFP_REPT_1_150_0088,1,151.588,0088,,,
436,C_LFP_REPT_1_150_0088,2,151.643,0088,,,
437,C_LFP_REPT_1_150_0088,3,151.76,0088,,,
438,C_LFP_REPT_1_150_0088,4,151.724,0088,,,
439,C_LFP_REPT_1_150_0088,5,151.739,0088,,,
440,C_LFP_REPT_1_150_0089,1,149.86,0089,,,
441,C_LFP_REPT_1_150_0089,2,150.185,0089,,,
442,C_LFP_REPT_1_150_0089,3,150.443,0089,,,
443,C_LFP_REPT_1_150_0089,4,150.526,0089,,,
444,C_LFP_REPT_1_150_0089,5,150.6,0089,,,
445,C_LFP_REPT_1_150_0090,1,147.37,0090,,,
446,C_LFP_REPT_1_150_0090,2,147.56,0090,,,
447,C_LFP_REPT_1_150_0090,3,147.67,0090,,,
448,C_LFP_REPT_1_150_0090,4,147.732,0090,,,
449,C_LFP_REPT_1_150_0090,5,147.757,0090,,,
450,C_LFP_REPT_1_150_0091,1,151.109,0091,1.162,1.033,1.0
451,C_LFP_REPT_1_150_0091,2,151.85,0091,1.162,1.033,1.0
452,C_LFP_REPT_1_150_0091,3,152.353,0091,1.162,1.033,1.0
453,C_LFP_REPT_1_150_0091,4,152.591,0091,1.162,1.033,1.0
454,C_LFP_REPT_1_150_0091,5,152.756,0091,1.162,1.033,1.0
